{
  "metadata": {
    "seeds": [
      0,
      1,
      2,
      3,
      4,
      5,
      6,
      7,
      8,
      9
    ],
    "T_max": 10.0
  },
  "aggregate": {
    "MLP_BC": {
      "goal_err_mm": {
        "mean": 2406.299254274935,
        "std": 2861.7421110169453,
        "values": [
          11.138812029596933,
          2952.667892753199,
          30.129755936717988,
          3351.275958388722,
          3302.1087588093137,
          1845.1773193686272,
          2561.996860196657,
          54.829196938934246,
          5.168224872701303,
          9948.499763454878
        ]
      },
      "max_field": {
        "mean": 0.6026857476507057,
        "std": 0.3971998807342728,
        "values": [
          0.225465364378556,
          0.6924600337360128,
          0.22023091718687524,
          0.4137533369917772,
          0.870088671397665,
          1.0042864689773485,
          1.419670424955756,
          0.15812360138585158,
          0.25565640227791137,
          0.7671222552193033
        ]
      },
      "mean_field": {
        "mean": 0.1600178840123357,
        "std": 0.12032648646684037,
        "values": [
          0.082925162330339,
          0.1459399537414923,
          0.08196274789033545,
          0.08788527313645392,
          0.18217573122319738,
          0.27099597960083893,
          0.47033167392715053,
          0.04508920627044903,
          0.09155264155797022,
          0.14132047044513016
        ]
      },
      "path_len_m": {
        "mean": 9.279877380403303,
        "std": 4.101257840119172,
        "values": [
          7.2176180464721575,
          18.075549552225397,
          6.984817482622141,
          6.256732187704337,
          8.473462513679427,
          8.704982011675407,
          7.8251376033390905,
          5.593816730271655,
          7.2259792660992,
          16.44067840994421
        ]
      },
      "mean_speed_mps": {
        "mean": 0.9279877380403301,
        "std": 0.41012578401191724,
        "values": [
          0.7217618046472157,
          1.8075549552225396,
          0.6984817482622141,
          0.6256732187704337,
          0.8473462513679427,
          0.8704982011675406,
          0.7825137603339091,
          0.5593816730271655,
          0.7225979266099201,
          1.644067840994421
        ]
      },
      "median_inference_us": {
        "mean": 72.45149972732179,
        "std": 2.146987855747562,
        "values": [
          69.71549009904265,
          71.22449460439384,
          71.60450331866741,
          71.95201033027843,
          77.41851004539058,
          74.10599937429652,
          69.81199840083718,
          72.19200051622465,
          72.77849363163114,
          73.71149695245549
        ]
      },
      "n_steps": {
        "mean": 500.0,
        "std": 0.0,
        "values": [
          500.0,
          500.0,
          500.0,
          500.0,
          500.0,
          500.0,
          500.0,
          500.0,
          500.0,
          500.0
        ]
      }
    },
    "MLP_DAgger": {
      "goal_err_mm": {
        "mean": 1123.2662711749401,
        "std": 626.673113932081,
        "values": [
          1032.631392597698,
          2869.959075799228,
          1040.104987585717,
          1113.0329601363796,
          1025.263291522312,
          1061.9756960237667,
          983.822825027666,
          1076.3549643272663,
          721.4613412348212,
          308.0561774945467
        ]
      },
      "max_field": {
        "mean": 0.8964598764086512,
        "std": 0.3074263272243839,
        "values": [
          0.5515577423547692,
          0.8089141742791492,
          1.0146072101219372,
          1.195724345882719,
          0.5313293168984786,
          1.4508828542104777,
          0.5895081235153261,
          1.1605575459102428,
          0.6052988447670555,
          1.0562186061463554
        ]
      },
      "mean_field": {
        "mean": 0.13999318526540158,
        "std": 0.07647685040776989,
        "values": [
          0.06518634364569009,
          0.3369637590255321,
          0.15876436075428996,
          0.19766675939715236,
          0.07617047759886567,
          0.11790548556829768,
          0.07349166461059611,
          0.12705428771731855,
          0.10451084076785089,
          0.14221787356842241
        ]
      },
      "path_len_m": {
        "mean": 12.163826140166774,
        "std": 3.792802292077849,
        "values": [
          11.149075098736962,
          3.4129249194201425,
          12.768629049146181,
          18.520773883442406,
          13.196655564455996,
          15.627559285673666,
          12.569206858650059,
          11.876005223152028,
          8.965342554523273,
          13.552088964467032
        ]
      },
      "mean_speed_mps": {
        "mean": 1.2163826140166774,
        "std": 0.3792802292077848,
        "values": [
          1.1149075098736962,
          0.3412924919420143,
          1.276862904914618,
          1.8520773883442405,
          1.3196655564455997,
          1.5627559285673667,
          1.256920685865006,
          1.1876005223152029,
          0.8965342554523273,
          1.3552088964467033
        ]
      },
      "median_inference_us": {
        "mean": 72.18470273073763,
        "std": 2.212198823018612,
        "values": [
          69.38150181667879,
          74.10800026264042,
          70.19150507403538,
          70.11449633864686,
          75.55500633316115,
          74.19699977617711,
          69.36650606803596,
          74.29950346704572,
          71.52149919420481,
          73.11200897675008
        ]
      },
      "n_steps": {
        "mean": 500.0,
        "std": 0.0,
        "values": [
          500.0,
          500.0,
          500.0,
          500.0,
          500.0,
          500.0,
          500.0,
          500.0,
          500.0,
          500.0
        ]
      }
    },
    "Diffusion_BC": {
      "goal_err_mm": {
        "mean": 100.20710890987475,
        "std": 5.489263555598291,
        "values": [
          105.12012410536816,
          101.46460257223373,
          93.88616507538164,
          97.58933664039772,
          93.46913320645483,
          100.49049780870764,
          94.97629123102054,
          97.58755360660643,
          107.4507487107787,
          110.036636141798
        ]
      },
      "max_field": {
        "mean": 0.45230993874971154,
        "std": 0.35762695832725727,
        "values": [
          0.5721918430931748,
          1.2483112503669531,
          0.20881697830992785,
          0.052935896624222434,
          0.5434766204829614,
          0.6440749667041861,
          0.031183396758230453,
          0.6003058443589712,
          0.05805365772843938,
          0.5637489330700491
        ]
      },
      "mean_field": {
        "mean": 0.0845735499092941,
        "std": 0.05862578645375075,
        "values": [
          0.11255636298159537,
          0.20420356976639775,
          0.040738515359916835,
          0.01933664705757012,
          0.10449743172148404,
          0.11676246588158763,
          0.008783883594183466,
          0.10592423034154917,
          0.017428862574953404,
          0.11550352981370329
        ]
      },
      "path_len_m": {
        "mean": 6.168273743205825,
        "std": 0.6120246927897335,
        "values": [
          6.348317728802171,
          7.696965306902065,
          6.179790041462155,
          5.632974595644231,
          6.291342206821091,
          6.273681532154869,
          5.420925844297899,
          6.255582983008277,
          5.4648188923587995,
          6.118338300606684
        ]
      },
      "mean_speed_mps": {
        "mean": 0.6168273743205823,
        "std": 0.06120246927897335,