{
  "metadata": {
    "seeds": [
      42,
      7,
      13,
      99,
      256,
      128,
      314,
      2024,
      777,
      1337
    ],
    "T_max": 10.0,
    "controller": "Diffusion_v2_PPO_phase1"
  },
  "aggregate": {
    "goal_err_mm": {
      "mean": 86.60676511976803,
      "std": 17.317169910667225,
      "median": 92.51591977112739,
      "p95": 107.65414385035248,
      "values": [
        89.20751715665764,
        96.41776030589622,
        91.86724336124242,
        96.19401740032524,
        62.89981172974808,
        116.847548568544,
        68.51849246987592,
        93.16459618101234,
        57.01316559738985,
        93.93749842698867
      ]
    },
    "max_field": {
      "mean": 0.13250995818895922,
      "std": 0.143058657921448,
      "median": 0.067898089963891,
      "p95": 0.4021845371539313,
      "values": [
        0.025974940836715466,
        0.06047545880501053,
        0.11198275213648413,
        0.016788775570212168,
        0.2856224533268981,
        0.07532072112277148,
        0.05898473962495306,
        0.15228936659959091,
        0.04010685903636083,
        0.49755351483059523
      ]
    },
    "mean_field": {
      "mean": 0.01374143922415646,
      "std": 0.01036950763820074,
      "median": 0.012369639413597564,
      "p95": 0.030540690985488714,
      "values": [
        0.006170634742393171,
        0.005393559535131011,
        0.015188024807501964,
        0.0020359827884599774,
        0.017080794211245257,
        0.01060482493905722,
        0.014134453888137909,
        0.015077936942489777,
        0.010174846586369456,
        0.04155333380077886
      ]
    },
    "path_len_m": {
      "mean": 5.178362563304399,
      "std": 0.32587790713183373,
      "median": 5.1622450257661034,
      "p95": 5.637305813505563,
      "values": [
        4.647873976418675,
        5.589005963502755,
        4.978479135216571,
        5.14281550610324,
        5.181674545428967,
        4.7119990711595054,
        5.236043542081935,
        5.67682387259877,
        5.126378694191469,
        5.492531326342101
      ]
    },
    "mean_speed_mps": {
      "mean": 0.51783625633044,
      "std": 0.03258779071318337,
      "median": 0.5162245025766103,
      "p95": 0.5637305813505563,
      "values": [
        0.46478739764186755,
        0.5589005963502756,
        0.49784791352165714,
        0.514281550610324,
        0.5181674545428967,
        0.47119990711595056,
        0.5236043542081935,
        0.567682387259877,
        0.5126378694191469,
        0.5492531326342102
      ]
    },
    "median_inference_us": {
      "mean": 17939.466005191207,
      "std": 167.5080715368558,
      "median": 17993.5964915785,
      "p95": 18129.42160249804,
      "values": [
        17678.069503745064,
        18050.26101646945,
        17982.542995014228,
        17625.874010263942,
        18181.694496888667,
        18004.649988142774,
        17933.59401926864,
        17833.95050733816,
        18038.491005427204,
        18065.532509353943
      ]
    }
  },
  "per_seed": {
    "42": {
      "goal_err_mm": 89.20751715665764,
      "max_field": 0.025974940836715466,
      "mean_field": 0.006170634742393171,
      "path_len_m": 4.647873976418675,
      "mean_speed_mps": 0.46478739764186755,
      "median_inference_us": 17678.069503745064,
      "mean_inference_us": 18029.690196271986,
      "n_steps": 500
    },
    "7": {
      "goal_err_mm": 96.41776030589622,
      "max_field": 0.06047545880501053,
      "mean_field": 0.005393559535131011,
      "path_len_m": 5.589005963502755,
      "mean_speed_mps": 0.5589005963502756,
      "median_inference_us": 18050.26101646945,
      "mean_inference_us": 18102.4786059279,
      "n_steps": 500
    },
    "13": {
      "goal_err_mm": 91.86724336124242,
      "max_field": 0.11198275213648413,
      "mean_field": 0.015188024807501964,
      "path_len_m": 4.978479135216571,
      "mean_speed_mps": 0.49784791352165714,
      "median_inference_us": 17982.542995014228,
      "mean_inference_us": 18000.681367120706,
      "n_steps": 500
    },
    "99": {
      "goal_err_mm": 96.19401740032524,
      "max_field": 0.016788775570212168,
      "mean_field": 0.0020359827884599774,
      "path_len_m": 5.14281550610324,
      "mean_speed_mps": 0.514281550610324,
      "median_inference_us": 17625.874010263942,
      "mean_inference_us": 17680.99705327768,
      "n_steps": 500
    },
    "256": {
      "goal_err_mm": 62.89981172974808,
      "max_field": 0.2856224533268981,
      "mean_field": 0.017080794211245257,
      "path_len_m": 5.181674545428967,
      "mean_speed_mps": 0.5181674545428967,
      "median_inference_us": 18181.694496888667,
      "mean_inference_us": 18206.56800857978,
      "n_steps": 500
    },
    "128": {
      "goal_err_mm": 116.847548568544,
      "max_field": 0.07532072112277148,
      "mean_field": 0.01060482493905722,
      "path_len_m": 4.7119990711595054,
      "mean_speed_mps": 0.47119990711595056,
      "median_inference_us": 18004.649988142774,
      "mean_inference_us": 18065.865464217495,
      "n_steps": 500
    },
    "314": {
      "goal_err_mm": 68.51849246987592,
      "max_field": 0.05898473962495306,
      "mean_field": 0.014134453888137909,
      "path_len_m": 5.236043542081935,
      "mean_speed_mps": 0.5236043542081935,
      "median_inference_us": 17933.59401926864,
      "mean_inference_us": 18004.05387824867,
      "n_steps": 500
    },
    "2024": {
      "goal_err_mm": 93.16459618101234,
      "max_field": 0.15228936659959091,
      "mean_field": 0.015077936942489777,
      "path_len_m": 5.67682387259877,
      "mean_speed_mps": 0.567682387259877,
      "median_inference_us": 17833.95050733816,
      "mean_inference_us": 17863.185290945694,
      "n_steps": 500
    },
    "777": {
      "goal_err_mm": 57.01316559738985,
      "max_field": 0.04010685903636083,
      "mean_field": 0.010174846586369456,
      "path_len_m": 5.126378694191469,
      "mean_speed_mps": 0.5126378694191469,
      "median_inference_us": 18038.491005427204,
      "mean_inference_us": 18055.35692803096,
      "n_steps": 500
    },
    "1337": {
      "goal_err_mm": 93.93749842698867,
      "max_field": 0.49755351483059523,
      "mean_field": 0.04155333380077886,
      "path_len_m": 5.492531326342101,
      "mean_speed_mps": 0.5492531326342102,
      "median_inference_us": 18065.532509353943,
      "mean_inference_us": 18090.36406024825,
      "n_steps": 500
    }
  }
}