{
  "metadata": {
    "seeds": [
      0,
      1,
      2,
      3,
      4,
      5,
      6,
      7,
      8,
      9
    ],
    "T_max": 10.0,
    "controller": "Diffusion_v2_PPO_phase1"
  },
  "aggregate": {
    "goal_err_mm": {
      "mean": 60.26623371063805,
      "std": 3.132382725166171,
      "median": 60.442465886680964,
      "p95": 64.78566746716008,
      "values": [
        59.50888583143453,
        60.372301383433076,
        61.734903526973405,
        65.58580072537943,
        63.80772681822532,
        59.080936333220684,
        56.108549509715445,
        54.41948143519394,
        60.51263038992886,
        61.531121152875784
      ]
    },
    "max_field": {
      "mean": 0.3383111856728188,
      "std": 0.10789463876392716,
      "median": 0.373851345153992,
      "p95": 0.4257487108665739,
      "values": [
        0.4201231312611724,
        0.2911770230624284,
        0.3121706471828619,
        0.37941295935801256,
        0.34285174178537836,
        0.3814510286601904,
        0.4303514578164479,
        0.41548238154295175,
        0.04180175510877303,
        0.36828973094997136
      ]
    },
    "mean_field": {
      "mean": 0.07928735621505965,
      "std": 0.024701127209330816,
      "median": 0.08499445742355255,
      "p95": 0.10218893281647226,
      "values": [
        0.09648643212392743,
        0.06598948030446569,
        0.07360306492357596,
        0.10425885969616501,
        0.07824253725425606,
        0.09965902218573669,
        0.09128579352907333,
        0.0857816041823344,
        0.013359457286291329,
        0.0842073106647707
      ]
    },
    "path_len_m": {
      "mean": 6.660225222401107,
      "std": 0.39058567129538047,
      "median": 6.756661741502714,
      "p95": 6.936259927308981,
      "values": [
        6.6664947674872055,
        6.950236862608541,
        6.919177006387296,
        6.748573685140002,
        6.803005428211509,
        6.712947523757199,
        6.790113443751556,
        6.731508245041891,
        5.515445463760454,
        6.764749797865425
      ]
    },
    "mean_speed_mps": {
      "mean": 0.6660225222401108,
      "std": 0.039058567129538056,
      "median": 0.6756661741502714,
      "p95": 0.6936259927308981,
      "values": [
        0.6666494767487205,
        0.6950236862608541,
        0.6919177006387296,
        0.6748573685140002,
        0.6803005428211508,
        0.6712947523757199,
        0.6790113443751556,
        0.6731508245041891,
        0.5515445463760453,
        0.6764749797865426
      ]
    },
    "median_inference_us": {
      "mean": 17891.20974863181,
      "std": 197.85325149695768,
      "median": 17792.334489058703,
      "p95": 18237.650093942648,
      "values": [
        18111.225988832302,
        17780.800480977632,
        17881.192005006596,
        17753.771506249905,
        17761.413007974625,
        17720.04200029187,
        18045.820499537513,
        17712.875502184033,
        18341.08799812384,
        17803.868497139774
      ]
    }
  },
  "per_seed": {
    "0": {
      "goal_err_mm": 59.50888583143453,
      "max_field": 0.4201231312611724,
      "mean_field": 0.09648643212392743,
      "path_len_m": 6.6664947674872055,
      "mean_speed_mps": 0.6666494767487205,
      "median_inference_us": 18111.225988832302,
      "n_steps": 500
    },
    "1": {
      "goal_err_mm": 60.372301383433076,
      "max_field": 0.2911770230624284,
      "mean_field": 0.06598948030446569,
      "path_len_m": 6.950236862608541,
      "mean_speed_mps": 0.6950236862608541,
      "median_inference_us": 17780.800480977632,
      "n_steps": 500
    },
    "2": {
      "goal_err_mm": 61.734903526973405,
      "max_field": 0.3121706471828619,
      "mean_field": 0.07360306492357596,
      "path_len_m": 6.919177006387296,
      "mean_speed_mps": 0.6919177006387296,
      "median_inference_us": 17881.192005006596,
      "n_steps": 500
    },
    "3": {
      "goal_err_mm": 65.58580072537943,
      "max_field": 0.37941295935801256,
      "mean_field": 0.10425885969616501,
      "path_len_m": 6.748573685140002,
      "mean_speed_mps": 0.6748573685140002,
      "median_inference_us": 17753.771506249905,
      "n_steps": 500
    },
    "4": {
      "goal_err_mm": 63.80772681822532,
      "max_field": 0.34285174178537836,
      "mean_field": 0.07824253725425606,
      "path_len_m": 6.803005428211509,
      "mean_speed_mps": 0.6803005428211508,
      "median_inference_us": 17761.413007974625,
      "n_steps": 500
    },
    "5": {
      "goal_err_mm": 59.080936333220684,
      "max_field": 0.3814510286601904,
      "mean_field": 0.09965902218573669,
      "path_len_m": 6.712947523757199,
      "mean_speed_mps": 0.6712947523757199,
      "median_inference_us": 17720.04200029187,
      "n_steps": 500
    },
    "6": {
      "goal_err_mm": 56.108549509715445,
      "max_field": 0.4303514578164479,
      "mean_field": 0.09128579352907333,
      "path_len_m": 6.790113443751556,
      "mean_speed_mps": 0.6790113443751556,
      "median_inference_us": 18045.820499537513,
      "n_steps": 500
    },
    "7": {
      "goal_err_mm": 54.41948143519394,
      "max_field": 0.41548238154295175,
      "mean_field": 0.0857816041823344,
      "path_len_m": 6.731508245041891,
      "mean_speed_mps": 0.6731508245041891,
      "median_inference_us": 17712.875502184033,
      "n_steps": 500
    },
    "8": {
      "goal_err_mm": 60.51263038992886,
      "max_field": 0.04180175510877303,
      "mean_field": 0.013359457286291329,
      "path_len_m": 5.515445463760454,
      "mean_speed_mps": 0.5515445463760453,
      "median_inference_us": 18341.08799812384,
      "n_steps": 500
    },
    "9": {
      "goal_err_mm": 61.531121152875784,
      "max_field": 0.36828973094997136,
      "mean_field": 0.0842073106647707,
      "path_len_m": 6.764749797865425,
      "mean_speed_mps": 0.6764749797865426,
      "median_inference_us": 17803.868497139774,
      "n_steps": 500
    }
  }
}