{
  "metadata": {
    "seeds": [
      0,
      1,
      2,
      3,
      4,
      5,
      6,
      7,
      8,
      9
    ],
    "T_max": 10.0,
    "controller": "Diffusion_v2_PPO_phase1"
  },
  "aggregate": {
    "goal_err_mm": {
      "mean": 69.06543138252013,
      "std": 3.9509421148566957,
      "median": 68.39216706097871,
      "p95": 74.50385589004247,
      "values": [
        66.68979652597301,
        67.55014800798753,
        72.0687209468754,
        76.22394770241024,
        72.03570555698188,
        69.23418611396988,
        65.31974354198304,
        61.978569760621106,
        67.15197421569506,
        72.4015214527041
      ]
    },
    "max_field": {
      "mean": 0.3515412100171441,
      "std": 0.15378385574229655,
      "median": 0.4111706782903035,
      "p95": 0.47109702899490496,
      "values": [
        0.4600386969490378,
        0.36510390410875293,
        0.4008498725780867,
        0.41891652030273685,
        0.4034248362778701,
        0.4238992870921272,
        0.4694080909843181,
        0.4724788873672033,
        0.04583261690241334,
        0.05545938760889472
      ]
    },
    "mean_field": {
      "mean": 0.07789844230339639,
      "std": 0.03270543126326256,
      "median": 0.08961075881641131,
      "p95": 0.10666328393860607,
      "values": [
        0.10061807642626731,
        0.07494032724452963,
        0.08670210475976142,
        0.10808951936491538,
        0.0855360968583177,
        0.10492010730645022,
        0.09536094834785018,
        0.09251941287306119,
        0.014766750995301434,
        0.01553107885750942
      ]
    },
    "path_len_m": {
      "mean": 6.453244176601497,
      "std": 0.45339044583880606,
      "median": 6.606093133417998,
      "p95": 6.841859066979118,
      "values": [
        6.5431710166149895,
        6.823001791946755,
        6.857287746551051,
        6.649372516517435,
        6.708606420131844,
        6.6086855119294174,
        6.6035007549065785,
        6.593464259401657,
        5.457150476750598,
        5.6882012712646395
      ]
    },
    "mean_speed_mps": {
      "mean": 0.6453244176601496,
      "std": 0.045339044583880606,
      "median": 0.6606093133417998,
      "p95": 0.6841859066979117,
      "values": [
        0.6543171016614989,
        0.6823001791946754,
        0.6857287746551051,
        0.6649372516517434,
        0.6708606420131844,
        0.6608685511929417,
        0.6603500754906578,
        0.6593464259401657,
        0.5457150476750597,
        0.5688201271264639
      ]
    },
    "median_inference_us": {
      "mean": 18132.33259599656,
      "std": 143.6770544035722,
      "median": 18108.054238837212,
      "p95": 18311.71944286325,
      "values": [
        17927.48150182888,
        17938.876495463774,
        18020.281495410018,
        18309.04149392154,
        18248.513006255962,
        18054.282511002384,
        18068.58548661694,
        18147.522991057485,
        18313.910491997376,
        18294.83048641123
      ]
    }
  },
  "per_seed": {
    "0": {
      "goal_err_mm": 66.68979652597301,
      "max_field": 0.4600386969490378,
      "mean_field": 0.10061807642626731,
      "path_len_m": 6.5431710166149895,
      "mean_speed_mps": 0.6543171016614989,
      "median_inference_us": 17927.48150182888,
      "n_steps": 500
    },
    "1": {
      "goal_err_mm": 67.55014800798753,
      "max_field": 0.36510390410875293,
      "mean_field": 0.07494032724452963,
      "path_len_m": 6.823001791946755,
      "mean_speed_mps": 0.6823001791946754,
      "median_inference_us": 17938.876495463774,
      "n_steps": 500
    },
    "2": {
      "goal_err_mm": 72.0687209468754,
      "max_field": 0.4008498725780867,
      "mean_field": 0.08670210475976142,
      "path_len_m": 6.857287746551051,
      "mean_speed_mps": 0.6857287746551051,
      "median_inference_us": 18020.281495410018,
      "n_steps": 500
    },
    "3": {
      "goal_err_mm": 76.22394770241024,
      "max_field": 0.41891652030273685,
      "mean_field": 0.10808951936491538,
      "path_len_m": 6.649372516517435,
      "mean_speed_mps": 0.6649372516517434,
      "median_inference_us": 18309.04149392154,
      "n_steps": 500
    },
    "4": {
      "goal_err_mm": 72.03570555698188,
      "max_field": 0.4034248362778701,
      "mean_field": 0.0855360968583177,
      "path_len_m": 6.708606420131844,
      "mean_speed_mps": 0.6708606420131844,
      "median_inference_us": 18248.513006255962,
      "n_steps": 500
    },
    "5": {
      "goal_err_mm": 69.23418611396988,
      "max_field": 0.4238992870921272,
      "mean_field": 0.10492010730645022,
      "path_len_m": 6.6086855119294174,
      "mean_speed_mps": 0.6608685511929417,
      "median_inference_us": 18054.282511002384,
      "n_steps": 500
    },
    "6": {
      "goal_err_mm": 65.31974354198304,
      "max_field": 0.4694080909843181,
      "mean_field": 0.09536094834785018,
      "path_len_m": 6.6035007549065785,
      "mean_speed_mps": 0.6603500754906578,
      "median_inference_us": 18068.58548661694,
      "n_steps": 500
    },
    "7": {
      "goal_err_mm": 61.978569760621106,
      "max_field": 0.4724788873672033,
      "mean_field": 0.09251941287306119,
      "path_len_m": 6.593464259401657,
      "mean_speed_mps": 0.6593464259401657,
      "median_inference_us": 18147.522991057485,
      "n_steps": 500
    },
    "8": {
      "goal_err_mm": 67.15197421569506,
      "max_field": 0.04583261690241334,
      "mean_field": 0.014766750995301434,
      "path_len_m": 5.457150476750598,
      "mean_speed_mps": 0.5457150476750597,
      "median_inference_us": 18313.910491997376,
      "n_steps": 500
    },
    "9": {
      "goal_err_mm": 72.4015214527041,
      "max_field": 0.05545938760889472,
      "mean_field": 0.01553107885750942,
      "path_len_m": 5.6882012712646395,
      "mean_speed_mps": 0.5688201271264639,
      "median_inference_us": 18294.83048641123,
      "n_steps": 500
    }
  }
}