{
  "metadata": {
    "n_seeds": 10,
    "obstacle_seeds": [
      42,
      7,
      13,
      99,
      256,
      128,
      314,
      2024,
      777,
      1337
    ],
    "task": "8-obstacle Gaussian course, start=(-1.5,-1.5,1) goal=(1.5,1.5,1)",
    "controller": "Diffusion_BC_planner",
    "obs_dim": 24,
    "net": "DiffusionUnetLowdimPolicy (ConditionalUnet1D)"
  },
  "obstacle_course": {
    "Diffusion_BC_planner": {
      "goal_err_mm": 107.08900161125457,
      "goal_std": 24.28115615349012,
      "max_field": 0.17380089960163364,
      "field_std": 0.2602062691549926,
      "teacher_dev_mm": null,
      "dev_std": null,
      "path_len_m": 5.138714965574664,
      "path_std": 0.3454733156944045,
      "speed_us": 18763.69364981656
    }
  },
  "aggregate": {
    "goal_err_mm": {
      "mean": 107.08900161125457,
      "std": 24.28115615349012,
      "sem": 7.678375766724177,
      "values": [
        120.84231572343712,
        129.03875244380234,
        113.16788748578571,
        115.68902542706071,
        73.14066640535782,
        116.23921347533582,
        63.17812254480884,
        128.3780546156291,
        78.2959472159038,
        132.9200307754244
      ]
    },
    "max_field": {
      "mean": 0.17380089960163364,
      "std": 0.2602062691549926,
      "sem": 0.08228444719845936,
      "values": [
        0.024002846337975878,
        0.03757205313013308,
        0.11151539766122727,
        0.02040371921344139,
        0.2698206860022387,
        0.021454277108347023,
        0.0504898382427515,
        0.9070736087278416,
        0.04297361081894527,
        0.25270295877343446
      ]
    },
    "mean_field": {
      "mean": 0.013933927523866334,
      "std": 0.010943044106451187,
      "sem": 0.0034604943912067833,
      "values": [
        0.005847329773899608,
        0.004536783936969025,
        0.016589124172690647,
        0.002302181964810089,
        0.016802554957811047,
        0.004279568050128275,
        0.011538363961447346,
        0.039071444959588496,
        0.011864135320334408,
        0.026507788140984413
      ]
    },
    "path_len_m": {
      "mean": 5.138714965574664,
      "std": 0.3454733156944045,
      "sem": 0.10924825484047132,
      "values": [
        4.6851613330179855,
        5.1798707253661895,
        5.366211116156349,
        5.10593061731889,
        5.155690657888102,
        4.691184121926935,
        5.0537937487394835,
        5.983642032521867,
        5.0310974862308475,
        5.134567816579992
      ]
    },
    "mean_speed_mps": {
      "mean": 0.5138714965574664,
      "std": 0.03454733156944045,
      "sem": 0.010924825484047131,
      "values": [
        0.46851613330179853,
        0.5179870725366189,
        0.536621111615635,
        0.510593061731889,
        0.5155690657888102,
        0.4691184121926935,
        0.5053793748739484,
        0.5983642032521866,
        0.5031097486230848,
        0.5134567816579991
      ]
    },
    "median_inference_us": {
      "mean": 18763.69364981656,
      "std": 138.2212983435862,
      "sem": 43.709412391139125,
      "values": [
        18453.21750442963,
        18703.31600366626,
        18931.765502202325,
        18828.103500709403,
        18672.7245018119,
        18873.966495448258,
        18771.796494547743,
        18811.098496371415,
        18665.386996872257,
        18925.561002106406
      ]
    },
    "mean_inference_us": {
      "mean": 18862.324221379822,
      "std": 94.06517173404471,
      "sem": 29.746019117447165,
      "values": [
        18857.66338041867,
        18761.815527803265,
        19019.27764978609,
        18869.282997678965,
        18736.876972427126,
        18936.460004159017,
        18834.547415288398,
        18883.706940105185,
        18736.878473922843,
        18986.73285220866
      ]
    }
  },
  "per_seed": {
    "42": {
      "goal_err_mm": 120.84231572343712,
      "max_field": 0.024002846337975878,
      "mean_field": 0.005847329773899608,
      "path_len_m": 4.6851613330179855,
      "mean_speed_mps": 0.46851613330179853,
      "median_inference_us": 18453.21750442963,
      "mean_inference_us": 18857.66338041867,
      "n_steps": 500
    },
    "7": {
      "goal_err_mm": 129.03875244380234,
      "max_field": 0.03757205313013308,
      "mean_field": 0.004536783936969025,
      "path_len_m": 5.1798707253661895,
      "mean_speed_mps": 0.5179870725366189,
      "median_inference_us": 18703.31600366626,
      "mean_inference_us": 18761.815527803265,
      "n_steps": 500
    },
    "13": {
      "goal_err_mm": 113.16788748578571,
      "max_field": 0.11151539766122727,
      "mean_field": 0.016589124172690647,
      "path_len_m": 5.366211116156349,
      "mean_speed_mps": 0.536621111615635,
      "median_inference_us": 18931.765502202325,
      "mean_inference_us": 19019.27764978609,
      "n_steps": 500
    },
    "99": {
      "goal_err_mm": 115.68902542706071,
      "max_field": 0.02040371921344139,
      "mean_field": 0.002302181964810089,
      "path_len_m": 5.10593061731889,
      "mean_speed_mps": 0.510593061731889,
      "median_inference_us": 18828.103500709403,
      "mean_inference_us": 18869.282997678965,
      "n_steps": 500
    },
    "256": {
      "goal_err_mm": 73.14066640535782,
      "max_field": 0.2698206860022387,
      "mean_field": 0.016802554957811047,
      "path_len_m": 5.155690657888102,
      "mean_speed_mps": 0.5155690657888102,
      "median_inference_us": 18672.7245018119,
      "mean_inference_us": 18736.876972427126,
      "n_steps": 500
    },
    "128": {
      "goal_err_mm": 116.23921347533582,
      "max_field": 0.021454277108347023,
      "mean_field": 0.004279568050128275,
      "path_len_m": 4.691184121926935,
      "mean_speed_mps": 0.4691184121926935,
      "median_inference_us": 18873.966495448258,
      "mean_inference_us": 18936.460004159017,
      "n_steps": 500
    },
    "314": {
      "goal_err_mm": 63.17812254480884,
      "max_field": 0.0504898382427515,
      "mean_field": 0.011538363961447346,
      "path_len_m": 5.0537937487394835,
      "mean_speed_mps": 0.5053793748739484,
      "median_inference_us": 18771.796494547743,
      "mean_inference_us": 18834.547415288398,
      "n_steps": 500
    },
    "2024": {
      "goal_err_mm": 128.3780546156291,
      "max_field": 0.9070736087278416,
      "mean_field": 0.039071444959588496,
      "path_len_m": 5.983642032521867,
      "mean_speed_mps": 0.5983642032521866,
      "median_inference_us": 18811.098496371415,
      "mean_inference_us": 18883.706940105185,
      "n_steps": 500
    },
    "777": {
      "goal_err_mm": 78.2959472159038,
      "max_field": 0.04297361081894527,
      "mean_field": 0.011864135320334408,
      "path_len_m": 5.0310974862308475,
      "mean_speed_mps": 0.5031097486230848,
      "median_inference_us": 18665.386996872257,
      "mean_inference_us": 18736.878473922843,
      "n_steps": 500
    },
    "1337": {
      "goal_err_mm": 132.9200307754244,
      "max_field": 0.25270295877343446,
      "mean_field": 0.026507788140984413,
      "path_len_m": 5.134567816579992,
      "mean_speed_mps": 0.5134567816579991,
      "median_inference_us": 18925.561002106406,
      "mean_inference_us": 18986.73285220866,
      "n_steps": 500
    }
  }
}