{
  "metadata": {
    "seeds": [
      0,
      1,
      2,
      3,
      4,
      5,
      6,
      7,
      8,
      9
    ],
    "T_max": 10.0,
    "controller": "Diffusion_v2_PPO_phase1"
  },
  "aggregate": {
    "goal_err_mm": {
      "mean": 63.046851114560944,
      "std": 2.247354324051743,
      "median": 62.66478551649857,
      "p95": 66.51725863603902,
      "values": [
        60.95984604954202,
        62.166894083992794,
        63.5147661320734,
        67.3488011612004,
        65.500928883064,
        61.79261590822796,
        61.471225572688176,
        59.5033369542735,
        63.162676949004336,
        65.0474194515429
      ]
    },
    "max_field": {
      "mean": 0.6312596164496812,
      "std": 0.37438803838144474,
      "median": 0.53401803488095,
      "p95": 1.32244267537347,
      "values": [
        0.6011402271066679,
        0.5496472701968218,
        1.2633221883763273,
        0.4680311124825937,
        0.44087634355306105,
        0.491680200780766,
        0.5183887995650783,
        0.5677854606966094,
        0.04091057882230006,
        1.3708139829165868
      ]
    },
    "mean_field": {
      "mean": 0.11785740353652081,
      "std": 0.05154119297217737,
      "median": 0.11184394954811472,
      "p95": 0.20282836824802197,
      "values": [
        0.12192722395917281,
        0.10700329089729956,
        0.1892240726838603,
        0.1163887494451294,
        0.09072689091589092,
        0.11707351428804527,
        0.10199495535980548,
        0.10729914965110003,
        0.012977032637113741,
        0.21395915552779066
      ]
    },
    "path_len_m": {
      "mean": 6.592061123498429,
      "std": 0.5914450834161499,
      "median": 6.498356841388756,
      "p95": 7.632335903043975,
      "values": [
        6.318698227569341,
        6.523124227575431,
        7.611864432016539,
        6.504399428082673,
        6.559169275005599,
        6.408642739839789,
        6.49231425469484,
        6.328782340864182,
        5.524531020905835,
        7.64908528843006
      ]
    },
    "mean_speed_mps": {
      "mean": 0.6592061123498428,
      "std": 0.05914450834161497,
      "median": 0.6498356841388756,
      "p95": 0.7632335903043975,
      "values": [
        0.631869822756934,
        0.6523124227575431,
        0.7611864432016539,
        0.6504399428082672,
        0.65591692750056,
        0.6408642739839789,
        0.649231425469484,
        0.6328782340864182,
        0.5524531020905835,
        0.764908528843006
      ]
    },
    "median_inference_us": {
      "mean": 17885.228803788777,
      "std": 84.05380123008939,
      "median": 17886.1690001213,
      "p95": 18019.773687410634,
      "values": [
        17877.22650624346,
        17914.461495820433,
        18081.153015373275,
        17886.544999782927,
        17944.75450878963,
        17886.46999921184,
        17765.73300594464,
        17786.89651109744,
        17823.179994593374,
        17885.868001030758
      ]
    }
  },
  "per_seed": {
    "0": {
      "goal_err_mm": 60.95984604954202,
      "max_field": 0.6011402271066679,
      "mean_field": 0.12192722395917281,
      "path_len_m": 6.318698227569341,
      "mean_speed_mps": 0.631869822756934,
      "median_inference_us": 17877.22650624346,
      "n_steps": 500
    },
    "1": {
      "goal_err_mm": 62.166894083992794,
      "max_field": 0.5496472701968218,
      "mean_field": 0.10700329089729956,
      "path_len_m": 6.523124227575431,
      "mean_speed_mps": 0.6523124227575431,
      "median_inference_us": 17914.461495820433,
      "n_steps": 500
    },
    "2": {
      "goal_err_mm": 63.5147661320734,
      "max_field": 1.2633221883763273,
      "mean_field": 0.1892240726838603,
      "path_len_m": 7.611864432016539,
      "mean_speed_mps": 0.7611864432016539,
      "median_inference_us": 18081.153015373275,
      "n_steps": 500
    },
    "3": {
      "goal_err_mm": 67.3488011612004,
      "max_field": 0.4680311124825937,
      "mean_field": 0.1163887494451294,
      "path_len_m": 6.504399428082673,
      "mean_speed_mps": 0.6504399428082672,
      "median_inference_us": 17886.544999782927,
      "n_steps": 500
    },
    "4": {
      "goal_err_mm": 65.500928883064,
      "max_field": 0.44087634355306105,
      "mean_field": 0.09072689091589092,
      "path_len_m": 6.559169275005599,
      "mean_speed_mps": 0.65591692750056,
      "median_inference_us": 17944.75450878963,
      "n_steps": 500
    },
    "5": {
      "goal_err_mm": 61.79261590822796,
      "max_field": 0.491680200780766,
      "mean_field": 0.11707351428804527,
      "path_len_m": 6.408642739839789,
      "mean_speed_mps": 0.6408642739839789,
      "median_inference_us": 17886.46999921184,
      "n_steps": 500
    },
    "6": {
      "goal_err_mm": 61.471225572688176,
      "max_field": 0.5183887995650783,
      "mean_field": 0.10199495535980548,
      "path_len_m": 6.49231425469484,
      "mean_speed_mps": 0.649231425469484,
      "median_inference_us": 17765.73300594464,
      "n_steps": 500
    },
    "7": {
      "goal_err_mm": 59.5033369542735,
      "max_field": 0.5677854606966094,
      "mean_field": 0.10729914965110003,
      "path_len_m": 6.328782340864182,
      "mean_speed_mps": 0.6328782340864182,
      "median_inference_us": 17786.89651109744,
      "n_steps": 500
    },
    "8": {
      "goal_err_mm": 63.162676949004336,
      "max_field": 0.04091057882230006,
      "mean_field": 0.012977032637113741,
      "path_len_m": 5.524531020905835,
      "mean_speed_mps": 0.5524531020905835,
      "median_inference_us": 17823.179994593374,
      "n_steps": 500
    },
    "9": {
      "goal_err_mm": 65.0474194515429,
      "max_field": 1.3708139829165868,
      "mean_field": 0.21395915552779066,
      "path_len_m": 7.64908528843006,
      "mean_speed_mps": 0.764908528843006,
      "median_inference_us": 17885.868001030758,
      "n_steps": 500
    }
  }
}