{
  "metadata": {
    "seeds": [
      0,
      1,
      2,
      3,
      4,
      5,
      6,
      7,
      8,
      9
    ],
    "T_max": 10.0,
    "controller": "Diffusion_v2_PPO_phase1"
  },
  "aggregate": {
    "goal_err_mm": {
      "mean": 77.64978389328625,
      "std": 4.813956846135953,
      "median": 77.3892201709094,
      "p95": 84.900051781876,
      "values": [
        75.74870209949438,
        76.48665205748206,
        80.99951303488149,
        88.09140166578062,
        80.64566175616949,
        78.29178828433675,
        71.85584287849915,
        70.87077942440916,
        73.92453651424196,
        79.58296121756752
      ]
    },
    "max_field": {
      "mean": 0.22631676889926963,
      "std": 0.05037586768736926,
      "median": 0.23360338508138462,
      "p95": 0.28169466199284826,
      "values": [
        0.25641825238814364,
        0.22311473550305358,
        0.214929857894974,
        0.2406997207700101,
        0.22650704939275915,
        0.24243153186009903,
        0.27196335943513134,
        0.20223786774809113,
        0.09520867718763626,
        0.2896566368127985
      ]
    },
    "mean_field": {
      "mean": 0.057755793583398905,
      "std": 0.012918744313974651,
      "median": 0.05857841765938569,
      "p95": 0.07227350948849644,
      "values": [
        0.06418503087381043,
        0.05308601225984055,
        0.05482818402947727,
        0.07343476797870534,
        0.055618044865666176,
        0.0708541935560189,
        0.0615387904531052,
        0.04769256857473578,
        0.027237373947834143,
        0.06908296929479531
      ]
    },
    "path_len_m": {
      "mean": 7.31359490520415,
      "std": 0.37081487504877486,
      "median": 7.4198155245193425,
      "p95": 7.575514908345621,
      "values": [
        7.364845673240302,
        7.595700922292352,
        7.5508431135218395,
        7.356684480956993,
        7.427886435093033,
        7.463610486906944,
        7.411744613945652,
        7.4381749526531635,
        6.23023893572457,
        7.296219437706652
      ]
    },
    "mean_speed_mps": {
      "mean": 0.731359490520415,
      "std": 0.03708148750487747,
      "median": 0.7419815524519342,
      "p95": 0.7575514908345621,
      "values": [
        0.7364845673240301,
        0.7595700922292352,
        0.7550843113521839,
        0.7356684480956993,
        0.7427886435093033,
        0.7463610486906944,
        0.7411744613945652,
        0.7438174952653164,
        0.623023893572457,
        0.7296219437706652
      ]
    },
    "median_inference_us": {
      "mean": 18312.596452597063,
      "std": 163.95106244118054,
      "median": 18236.050505947787,
      "p95": 18570.850676769624,
      "values": [
        18491.904498660006,
        18098.949003615417,
        18218.65650708787,
        18242.699006805196,
        18635.443004313856,
        18157.79149183072,
        18467.65099617187,
        18198.824502178468,
        18384.643510216847,
        18229.40200509038
      ]
    }
  },
  "per_seed": {
    "0": {
      "goal_err_mm": 75.74870209949438,
      "max_field": 0.25641825238814364,
      "mean_field": 0.06418503087381043,
      "path_len_m": 7.364845673240302,
      "mean_speed_mps": 0.7364845673240301,
      "median_inference_us": 18491.904498660006,
      "n_steps": 500
    },
    "1": {
      "goal_err_mm": 76.48665205748206,
      "max_field": 0.22311473550305358,
      "mean_field": 0.05308601225984055,
      "path_len_m": 7.595700922292352,
      "mean_speed_mps": 0.7595700922292352,
      "median_inference_us": 18098.949003615417,
      "n_steps": 500
    },
    "2": {
      "goal_err_mm": 80.99951303488149,
      "max_field": 0.214929857894974,
      "mean_field": 0.05482818402947727,
      "path_len_m": 7.5508431135218395,
      "mean_speed_mps": 0.7550843113521839,
      "median_inference_us": 18218.65650708787,
      "n_steps": 500
    },
    "3": {
      "goal_err_mm": 88.09140166578062,
      "max_field": 0.2406997207700101,
      "mean_field": 0.07343476797870534,
      "path_len_m": 7.356684480956993,
      "mean_speed_mps": 0.7356684480956993,
      "median_inference_us": 18242.699006805196,
      "n_steps": 500
    },
    "4": {
      "goal_err_mm": 80.64566175616949,
      "max_field": 0.22650704939275915,
      "mean_field": 0.055618044865666176,
      "path_len_m": 7.427886435093033,
      "mean_speed_mps": 0.7427886435093033,
      "median_inference_us": 18635.443004313856,
      "n_steps": 500
    },
    "5": {
      "goal_err_mm": 78.29178828433675,
      "max_field": 0.24243153186009903,
      "mean_field": 0.0708541935560189,
      "path_len_m": 7.463610486906944,
      "mean_speed_mps": 0.7463610486906944,
      "median_inference_us": 18157.79149183072,
      "n_steps": 500
    },
    "6": {
      "goal_err_mm": 71.85584287849915,
      "max_field": 0.27196335943513134,
      "mean_field": 0.0615387904531052,
      "path_len_m": 7.411744613945652,
      "mean_speed_mps": 0.7411744613945652,
      "median_inference_us": 18467.65099617187,
      "n_steps": 500
    },
    "7": {
      "goal_err_mm": 70.87077942440916,
      "max_field": 0.20223786774809113,
      "mean_field": 0.04769256857473578,
      "path_len_m": 7.4381749526531635,
      "mean_speed_mps": 0.7438174952653164,
      "median_inference_us": 18198.824502178468,
      "n_steps": 500
    },
    "8": {
      "goal_err_mm": 73.92453651424196,
      "max_field": 0.09520867718763626,
      "mean_field": 0.027237373947834143,
      "path_len_m": 6.23023893572457,
      "mean_speed_mps": 0.623023893572457,
      "median_inference_us": 18384.643510216847,
      "n_steps": 500
    },
    "9": {
      "goal_err_mm": 79.58296121756752,
      "max_field": 0.2896566368127985,
      "mean_field": 0.06908296929479531,
      "path_len_m": 7.296219437706652,
      "mean_speed_mps": 0.7296219437706652,
      "median_inference_us": 18229.40200509038,
      "n_steps": 500
    }
  }
}