{
  "metadata": {
    "n_seeds": 10,
    "obstacle_seeds": [
      42,
      7,
      13,
      99,
      256,
      128,
      314,
      2024,
      777,
      1337
    ],
    "task": "8-obstacle Gaussian course, start=(-1.5,-1.5,1) goal=(1.5,1.5,1)",
    "controller": "Diffusion_BC_planner",
    "obs_dim": 24,
    "net": "DiffusionUnetLowdimPolicy (ConditionalUnet1D)"
  },
  "obstacle_course": {
    "Diffusion_BC_planner": {
      "goal_err_mm": 218.6297925857147,
      "goal_std": 82.00196106314932,
      "max_field": 0.0589698580102345,
      "field_std": 0.03062431721621875,
      "teacher_dev_mm": null,
      "dev_std": null,
      "path_len_m": 5.055804913181619,
      "path_std": 0.18104679605967988,
      "speed_us": 18329.257702134782
    }
  },
  "aggregate": {
    "goal_err_mm": {
      "mean": 218.6297925857147,
      "std": 82.00196106314932,
      "sem": 25.93129695599944,
      "values": [
        184.84875595120485,
        343.54794981700246,
        231.04130266018618,
        139.37707190721997,
        216.86523817336382,
        212.25537984214859,
        82.09251434776624,
        344.47951375771567,
        146.89079594160813,
        284.8994034589315
      ]
    },
    "max_field": {
      "mean": 0.0589698580102345,
      "std": 0.03062431721621875,
      "sem": 0.009684259419075844,
      "values": [
        0.029340948838042138,
        0.027326161222739988,
        0.11177185378253439,
        0.05034777956459082,
        0.09574660390452251,
        0.01662671185276856,
        0.0595728197993359,
        0.044020136957461764,
        0.06040151875605404,
        0.0945440454242949
      ]
    },
    "mean_field": {
      "mean": 0.010028631344194714,
      "std": 0.003961016085846403,
      "sem": 0.0012525832679839675,
      "values": [
        0.006854817109590392,
        0.006202575629285234,
        0.015454487579415853,
        0.0057865359600049035,
        0.011946113848013697,
        0.0037826627502942265,
        0.012796105811719324,
        0.01019480615650749,
        0.011587749761125999,
        0.01568045883599002
      ]
    },
    "path_len_m": {
      "mean": 5.055804913181619,
      "std": 0.18104679605967988,
      "sem": 0.057252023862458624,
      "values": [
        4.877431298182636,
        5.1163471377721494,
        5.336522625044003,
        4.832168659403623,
        5.272914652171931,
        4.779698980635373,
        5.036882096575863,
        5.198418130915358,
        5.152336080389277,
        4.955329470725978
      ]
    },
    "mean_speed_mps": {
      "mean": 0.505580491318162,
      "std": 0.018104679605967976,
      "sem": 0.005725202386245859,
      "values": [
        0.4877431298182636,
        0.5116347137772149,
        0.5336522625044002,
        0.4832168659403623,
        0.5272914652171931,
        0.4779698980635373,
        0.5036882096575863,
        0.5198418130915358,
        0.5152336080389277,
        0.4955329470725978
      ]
    },
    "median_inference_us": {
      "mean": 18329.257702134782,
      "std": 265.7596564460793,
      "sem": 84.040582455346,
      "values": [
        18952.59050070308,
        18372.584505414125,
        18145.8150036633,
        18148.060000385158,
        18213.16849964205,
        18103.998503647745,
        18255.05001033889,
        18208.554000011645,
        18184.034495789092,
        18708.721501752734
      ]
    },
    "mean_inference_us": {
      "mean": 18410.72403640719,
      "std": 337.70292353702945,
      "sem": 106.79104108746985,
      "values": [
        19311.758400290273,
        18463.699870131677,
        18190.833053842653,
        18184.538458182942,
        18215.465171728283,
        18201.7962296959,
        18312.894092028728,
        18270.21842825343,
        18247.687153925654,
        18708.349505992373
      ]
    }
  },
  "per_seed": {
    "42": {
      "goal_err_mm": 184.84875595120485,
      "max_field": 0.029340948838042138,
      "mean_field": 0.006854817109590392,
      "path_len_m": 4.877431298182636,
      "mean_speed_mps": 0.4877431298182636,
      "median_inference_us": 18952.59050070308,
      "mean_inference_us": 19311.758400290273,
      "n_steps": 500
    },
    "7": {
      "goal_err_mm": 343.54794981700246,
      "max_field": 0.027326161222739988,
      "mean_field": 0.006202575629285234,
      "path_len_m": 5.1163471377721494,
      "mean_speed_mps": 0.5116347137772149,
      "median_inference_us": 18372.584505414125,
      "mean_inference_us": 18463.699870131677,
      "n_steps": 500
    },
    "13": {
      "goal_err_mm": 231.04130266018618,
      "max_field": 0.11177185378253439,
      "mean_field": 0.015454487579415853,
      "path_len_m": 5.336522625044003,
      "mean_speed_mps": 0.5336522625044002,
      "median_inference_us": 18145.8150036633,
      "mean_inference_us": 18190.833053842653,
      "n_steps": 500
    },
    "99": {
      "goal_err_mm": 139.37707190721997,
      "max_field": 0.05034777956459082,
      "mean_field": 0.0057865359600049035,
      "path_len_m": 4.832168659403623,
      "mean_speed_mps": 0.4832168659403623,
      "median_inference_us": 18148.060000385158,
      "mean_inference_us": 18184.538458182942,
      "n_steps": 500
    },
    "256": {
      "goal_err_mm": 216.86523817336382,
      "max_field": 0.09574660390452251,
      "mean_field": 0.011946113848013697,
      "path_len_m": 5.272914652171931,
      "mean_speed_mps": 0.5272914652171931,
      "median_inference_us": 18213.16849964205,
      "mean_inference_us": 18215.465171728283,
      "n_steps": 500
    },
    "128": {
      "goal_err_mm": 212.25537984214859,
      "max_field": 0.01662671185276856,
      "mean_field": 0.0037826627502942265,
      "path_len_m": 4.779698980635373,
      "mean_speed_mps": 0.4779698980635373,
      "median_inference_us": 18103.998503647745,
      "mean_inference_us": 18201.7962296959,
      "n_steps": 500
    },
    "314": {
      "goal_err_mm": 82.09251434776624,
      "max_field": 0.0595728197993359,
      "mean_field": 0.012796105811719324,
      "path_len_m": 5.036882096575863,
      "mean_speed_mps": 0.5036882096575863,
      "median_inference_us": 18255.05001033889,
      "mean_inference_us": 18312.894092028728,
      "n_steps": 500
    },
    "2024": {
      "goal_err_mm": 344.47951375771567,
      "max_field": 0.044020136957461764,
      "mean_field": 0.01019480615650749,
      "path_len_m": 5.198418130915358,
      "mean_speed_mps": 0.5198418130915358,
      "median_inference_us": 18208.554000011645,
      "mean_inference_us": 18270.21842825343,
      "n_steps": 500
    },
    "777": {
      "goal_err_mm": 146.89079594160813,
      "max_field": 0.06040151875605404,
      "mean_field": 0.011587749761125999,
      "path_len_m": 5.152336080389277,
      "mean_speed_mps": 0.5152336080389277,
      "median_inference_us": 18184.034495789092,
      "mean_inference_us": 18247.687153925654,
      "n_steps": 500
    },
    "1337": {
      "goal_err_mm": 284.8994034589315,
      "max_field": 0.0945440454242949,
      "mean_field": 0.01568045883599002,
      "path_len_m": 4.955329470725978,
      "mean_speed_mps": 0.4955329470725978,
      "median_inference_us": 18708.721501752734,
      "mean_inference_us": 18708.349505992373,
      "n_steps": 500
    }
  }
}