{
  "metadata": {
    "seeds": [
      42,
      7,
      13,
      99,
      256,
      128,
      314,
      2024,
      777,
      1337
    ],
    "T_max": 10.0,
    "controller": "Diffusion_v2_PPO_phase1"
  },
  "aggregate": {
    "goal_err_mm": {
      "mean": 94.96431264385377,
      "std": 30.27963860057786,
      "median": 108.03110231461636,
      "p95": 124.60872745316665,
      "values": [
        115.90964915138028,
        109.69377739086343,
        98.80894192359823,
        106.3684272383693,
        72.92106504321444,
        111.38030456220827,
        57.860781597513586,
        126.58397298694416,
        27.92166807700747,
        122.19453846743859
      ]
    },
    "max_field": {
      "mean": 0.12565343829909487,
      "std": 0.17125869788229767,
      "median": 0.06107730143642613,
      "p95": 0.4305931756610428,
      "values": [
        0.028156792862558327,
        0.0274745110813246,
        0.1119490225700879,
        0.030021245487731163,
        0.07928738896546894,
        0.03748705201278132,
        0.06586140563255555,
        0.05629319724029672,
        0.2040889626493609,
        0.6159148044887833
      ]
    },
    "mean_field": {
      "mean": 0.01618769687999707,
      "std": 0.01456211172906969,
      "median": 0.011888600920871696,
      "p95": 0.043201657436215915,
      "values": [
        0.0064816458531919705,
        0.005413245892106314,
        0.016010477937716767,
        0.0032726120974136946,
        0.010535034452550236,
        0.006766078373976295,
        0.016116489708207518,
        0.013242167389193156,
        0.030199119663721692,
        0.053840097431893046
      ]
    },
    "path_len_m": {
      "mean": 5.009407989667528,
      "std": 0.2059689540449519,
      "median": 5.060500394225829,
      "p95": 5.273737765585328,
      "values": [
        4.665570609375448,
        5.126601148454103,
        4.98798459236942,
        5.1005691538765925,
        5.148906741526262,
        4.677574858046746,
        5.051667713182946,
        5.0693330752687125,
        4.88999976475957,
        5.375872239815474
      ]
    },
    "mean_speed_mps": {
      "mean": 0.5009407989667527,
      "std": 0.020596895404495198,
      "median": 0.5060500394225829,
      "p95": 0.5273737765585329,
      "values": [
        0.4665570609375448,
        0.5126601148454103,
        0.498798459236942,
        0.5100569153876593,
        0.5148906741526262,
        0.46775748580467463,
        0.5051667713182946,
        0.5069333075268713,
        0.488999976475957,
        0.5375872239815475
      ]
    },
    "median_inference_us": {
      "mean": 21034.98525248142,
      "std": 4361.07105454051,
      "median": 18474.84450263437,
      "p95": 29228.608253470153,
      "values": [
        31382.297005620785,
        26596.32200084161,
        23284.972994588315,
        18331.02099772077,
        18384.00651467964,
        18435.31199847348,
        18460.85900615435,
        18488.829999114387,
        18454.434000886977,
        18531.79800673388
      ]
    }
  },
  "per_seed": {
    "42": {
      "goal_err_mm": 115.90964915138028,
      "max_field": 0.028156792862558327,
      "mean_field": 0.0064816458531919705,
      "path_len_m": 4.665570609375448,
      "mean_speed_mps": 0.4665570609375448,
      "median_inference_us": 31382.297005620785,
      "mean_inference_us": 31390.437136404216,
      "n_steps": 500
    },
    "7": {
      "goal_err_mm": 109.69377739086343,
      "max_field": 0.0274745110813246,
      "mean_field": 0.005413245892106314,
      "path_len_m": 5.126601148454103,
      "mean_speed_mps": 0.5126601148454103,
      "median_inference_us": 26596.32200084161,
      "mean_inference_us": 26663.97023340687,
      "n_steps": 500
    },
    "13": {
      "goal_err_mm": 98.80894192359823,
      "max_field": 0.1119490225700879,
      "mean_field": 0.016010477937716767,
      "path_len_m": 4.98798459236942,
      "mean_speed_mps": 0.498798459236942,
      "median_inference_us": 23284.972994588315,
      "mean_inference_us": 21463.74987193849,
      "n_steps": 500
    },
    "99": {
      "goal_err_mm": 106.3684272383693,
      "max_field": 0.030021245487731163,
      "mean_field": 0.0032726120974136946,
      "path_len_m": 5.1005691538765925,
      "mean_speed_mps": 0.5100569153876593,
      "median_inference_us": 18331.02099772077,
      "mean_inference_us": 18348.91278791474,
      "n_steps": 500
    },
    "256": {
      "goal_err_mm": 72.92106504321444,
      "max_field": 0.07928738896546894,
      "mean_field": 0.010535034452550236,
      "path_len_m": 5.148906741526262,
      "mean_speed_mps": 0.5148906741526262,
      "median_inference_us": 18384.00651467964,
      "mean_inference_us": 18410.742301144637,
      "n_steps": 500
    },
    "128": {
      "goal_err_mm": 111.38030456220827,
      "max_field": 0.03748705201278132,
      "mean_field": 0.006766078373976295,
      "path_len_m": 4.677574858046746,
      "mean_speed_mps": 0.46775748580467463,
      "median_inference_us": 18435.31199847348,
      "mean_inference_us": 18500.572239456233,
      "n_steps": 500
    },
    "314": {
      "goal_err_mm": 57.860781597513586,
      "max_field": 0.06586140563255555,
      "mean_field": 0.016116489708207518,
      "path_len_m": 5.051667713182946,
      "mean_speed_mps": 0.5051667713182946,
      "median_inference_us": 18460.85900615435,
      "mean_inference_us": 18565.867917553987,
      "n_steps": 500
    },
    "2024": {
      "goal_err_mm": 126.58397298694416,
      "max_field": 0.05629319724029672,
      "mean_field": 0.013242167389193156,
      "path_len_m": 5.0693330752687125,
      "mean_speed_mps": 0.5069333075268713,
      "median_inference_us": 18488.829999114387,
      "mean_inference_us": 18543.562782229856,
      "n_steps": 500
    },
    "777": {
      "goal_err_mm": 27.92166807700747,
      "max_field": 0.2040889626493609,
      "mean_field": 0.030199119663721692,
      "path_len_m": 4.88999976475957,
      "mean_speed_mps": 0.488999976475957,
      "median_inference_us": 18454.434000886977,
      "mean_inference_us": 18471.790984272957,
      "n_steps": 500
    },
    "1337": {
      "goal_err_mm": 122.19453846743859,
      "max_field": 0.6159148044887833,
      "mean_field": 0.053840097431893046,
      "path_len_m": 5.375872239815474,
      "mean_speed_mps": 0.5375872239815475,
      "median_inference_us": 18531.79800673388,
      "mean_inference_us": 18546.152032213286,
      "n_steps": 500
    }
  }
}