{
  "metadata": {
    "seeds": [
      0,
      1,
      2,
      3,
      4,
      5,
      6,
      7,
      8,
      9
    ],
    "T_max": 10.0,
    "controller": "Diffusion_v2_PPO_phase1"
  },
  "aggregate": {
    "goal_err_mm": {
      "mean": 61.875865399931,
      "std": 4.568139684703701,
      "median": 61.661843151937404,
      "p95": 69.05949025587829,
      "values": [
        61.29678213167911,
        60.63890684175877,
        64.40792166818181,
        71.4273636036647,
        66.16542283080602,
        62.69842892649793,
        54.68838478659356,
        56.36129844185402,
        59.04724059607833,
        62.02690417219571
      ]
    },
    "max_field": {
      "mean": 0.25000671739895786,
      "std": 0.05856501422862061,
      "median": 0.25420690256172196,
      "p95": 0.31917833918363725,
      "values": [
        0.28672495602432047,
        0.23909685668129868,
        0.2280874427125439,
        0.2649722142996351,
        0.24344159082380878,
        0.2708446855383212,
        0.2986860933511003,
        0.22868599397872585,
        0.1035826184422938,
        0.3359447221375312
      ]
    },
    "mean_field": {
      "mean": 0.06374308320709879,
      "std": 0.01492113080957241,
      "median": 0.064471594384479,
      "p95": 0.07988069357981414,
      "values": [
        0.0712526871536951,
        0.05780751160293753,
        0.05886366662699698,
        0.08096289246250957,
        0.060923065620418326,
        0.07855800605651973,
        0.06802012314853965,
        0.05447272492010645,
        0.02814508003973738,
        0.07842507443952719
      ]
    },
    "path_len_m": {
      "mean": 7.022046724903879,
      "std": 0.3662627053198725,
      "median": 7.140836737872981,
      "p95": 7.2449455487046945,
      "values": [
        7.074332929860849,
        7.294149008790519,
        7.184807986377576,
        7.06162433616799,
        7.167535274625994,
        7.141008881131125,
        7.140664594614837,
        7.175009831636057,
        5.943338526122655,
        7.037995879711202
      ]
    },
    "mean_speed_mps": {
      "mean": 0.702204672490388,
      "std": 0.03662627053198724,
      "median": 0.714083673787298,
      "p95": 0.7244945548704694,
      "values": [
        0.7074332929860849,
        0.7294149008790519,
        0.7184807986377576,
        0.706162433616799,
        0.7167535274625993,
        0.7141008881131125,
        0.7140664594614836,
        0.7175009831636057,
        0.5943338526122655,
        0.7037995879711202
      ]
    },
    "median_inference_us": {
      "mean": 17558.08849411551,
      "std": 144.63605155017996,
      "median": 17506.49473979138,
      "p95": 17807.601596723543,
      "values": [
        17591.818497749045,
        17384.450999088585,
        17433.903005439788,
        17430.05598837044,
        17486.497992649674,
        17467.005498474464,
        17647.75248011574,
        17817.925501731224,
        17794.983490603045,
        17526.491486933082
      ]
    }
  },
  "per_seed": {
    "0": {
      "goal_err_mm": 61.29678213167911,
      "max_field": 0.28672495602432047,
      "mean_field": 0.0712526871536951,
      "path_len_m": 7.074332929860849,
      "mean_speed_mps": 0.7074332929860849,
      "median_inference_us": 17591.818497749045,
      "n_steps": 500
    },
    "1": {
      "goal_err_mm": 60.63890684175877,
      "max_field": 0.23909685668129868,
      "mean_field": 0.05780751160293753,
      "path_len_m": 7.294149008790519,
      "mean_speed_mps": 0.7294149008790519,
      "median_inference_us": 17384.450999088585,
      "n_steps": 500
    },
    "2": {
      "goal_err_mm": 64.40792166818181,
      "max_field": 0.2280874427125439,
      "mean_field": 0.05886366662699698,
      "path_len_m": 7.184807986377576,
      "mean_speed_mps": 0.7184807986377576,
      "median_inference_us": 17433.903005439788,
      "n_steps": 500
    },
    "3": {
      "goal_err_mm": 71.4273636036647,
      "max_field": 0.2649722142996351,
      "mean_field": 0.08096289246250957,
      "path_len_m": 7.06162433616799,
      "mean_speed_mps": 0.706162433616799,
      "median_inference_us": 17430.05598837044,
      "n_steps": 500
    },
    "4": {
      "goal_err_mm": 66.16542283080602,
      "max_field": 0.24344159082380878,
      "mean_field": 0.060923065620418326,
      "path_len_m": 7.167535274625994,
      "mean_speed_mps": 0.7167535274625993,
      "median_inference_us": 17486.497992649674,
      "n_steps": 500
    },
    "5": {
      "goal_err_mm": 62.69842892649793,
      "max_field": 0.2708446855383212,
      "mean_field": 0.07855800605651973,
      "path_len_m": 7.141008881131125,
      "mean_speed_mps": 0.7141008881131125,
      "median_inference_us": 17467.005498474464,
      "n_steps": 500
    },
    "6": {
      "goal_err_mm": 54.68838478659356,
      "max_field": 0.2986860933511003,
      "mean_field": 0.06802012314853965,
      "path_len_m": 7.140664594614837,
      "mean_speed_mps": 0.7140664594614836,
      "median_inference_us": 17647.75248011574,
      "n_steps": 500
    },
    "7": {
      "goal_err_mm": 56.36129844185402,
      "max_field": 0.22868599397872585,
      "mean_field": 0.05447272492010645,
      "path_len_m": 7.175009831636057,
      "mean_speed_mps": 0.7175009831636057,
      "median_inference_us": 17817.925501731224,
      "n_steps": 500
    },
    "8": {
      "goal_err_mm": 59.04724059607833,
      "max_field": 0.1035826184422938,
      "mean_field": 0.02814508003973738,
      "path_len_m": 5.943338526122655,
      "mean_speed_mps": 0.5943338526122655,
      "median_inference_us": 17794.983490603045,
      "n_steps": 500
    },
    "9": {
      "goal_err_mm": 62.02690417219571,
      "max_field": 0.3359447221375312,
      "mean_field": 0.07842507443952719,
      "path_len_m": 7.037995879711202,
      "mean_speed_mps": 0.7037995879711202,
      "median_inference_us": 17526.491486933082,
      "n_steps": 500
    }
  }
}