{
  "metadata": {
    "seeds": [
      42,
      7,
      13,
      99,
      256,
      128,
      314,
      2024,
      777,
      1337
    ],
    "T_max": 10.0,
    "controller": "Diffusion_v2_PPO_phase1"
  },
  "aggregate": {
    "goal_err_mm": {
      "mean": 100.88605053906015,
      "std": 17.897604391951457,
      "median": 107.41761044649573,
      "p95": 120.8552958430795,
      "values": [
        107.19237084625347,
        113.5254073168948,
        106.47315078830133,
        108.90040647229138,
        74.25483365336575,
        126.85247736450339,
        80.01890121572885,
        107.64285004673798,
        70.95507042683401,
        113.04503725969062
      ]
    },
    "max_field": {
      "mean": 0.11908586478613677,
      "std": 0.11993237473643616,
      "median": 0.056331721949389096,
      "p95": 0.34935815907485585,
      "values": [
        0.025345282792878718,
        0.045999611022624676,
        0.11199566857525206,
        0.016355888697574105,
        0.308710525770767,
        0.057613597226033014,
        0.04604723258270439,
        0.14112568092440525,
        0.055049846672745185,
        0.3826153135963832
      ]
    },
    "mean_field": {
      "mean": 0.013305649870662553,
      "std": 0.00882428239072318,
      "median": 0.012563839778972156,
      "p95": 0.02774229553526864,
      "values": [
        0.005855293082763026,
        0.0050184386115429734,
        0.015278785104806233,
        0.0019499724348127116,
        0.016961725596790263,
        0.008869373390562242,
        0.013472605195810294,
        0.019550814748034183,
        0.011655074362134019,
        0.03444441617936959
      ]
    },
    "path_len_m": {
      "mean": 5.097070167468361,
      "std": 0.2591187887147176,
      "median": 5.113048627280438,
      "p95": 5.4550566600740735,
      "values": [
        4.658226459607059,
        5.46346404191635,
        5.0069281207853065,
        5.138202270690155,
        5.444780971155737,
        4.701050828827354,
        5.129975407692558,
        5.013552123037072,
        5.096121846868318,
        5.3183996041037105
      ]
    },
    "mean_speed_mps": {
      "mean": 0.5097070167468362,
      "std": 0.025911878871471762,
      "median": 0.5113048627280438,
      "p95": 0.5455056660074074,
      "values": [
        0.4658226459607059,
        0.5463464041916349,
        0.5006928120785307,
        0.5138202270690155,
        0.5444780971155737,
        0.4701050828827354,
        0.5129975407692557,
        0.5013552123037072,
        0.5096121846868318,
        0.5318399604103711
      ]
    },
    "median_inference_us": {
      "mean": 18024.127502576448,
      "std": 183.93461426720725,
      "median": 18038.891001197044,
      "p95": 18250.225151132327,
      "values": [
        17748.73651447706,
        17870.77401240822,
        17723.67549710907,
        18023.778495262377,
        18230.507499538362,
        18236.18200432975,
        18054.00350713171,
        18083.61850271467,
        18261.714998516254,
        18008.283994277008
      ]
    }
  },
  "per_seed": {
    "42": {
      "goal_err_mm": 107.19237084625347,
      "max_field": 0.025345282792878718,
      "mean_field": 0.005855293082763026,
      "path_len_m": 4.658226459607059,
      "mean_speed_mps": 0.4658226459607059,
      "median_inference_us": 17748.73651447706,
      "mean_inference_us": 18150.007804390043,
      "n_steps": 500
    },
    "7": {
      "goal_err_mm": 113.5254073168948,
      "max_field": 0.045999611022624676,
      "mean_field": 0.0050184386115429734,
      "path_len_m": 5.46346404191635,
      "mean_speed_mps": 0.5463464041916349,
      "median_inference_us": 17870.77401240822,
      "mean_inference_us": 18086.7282259278,
      "n_steps": 500
    },
    "13": {
      "goal_err_mm": 106.47315078830133,
      "max_field": 0.11199566857525206,
      "mean_field": 0.015278785104806233,
      "path_len_m": 5.0069281207853065,
      "mean_speed_mps": 0.5006928120785307,
      "median_inference_us": 17723.67549710907,
      "mean_inference_us": 17775.951554300264,
      "n_steps": 500
    },
    "99": {
      "goal_err_mm": 108.90040647229138,
      "max_field": 0.016355888697574105,
      "mean_field": 0.0019499724348127116,
      "path_len_m": 5.138202270690155,
      "mean_speed_mps": 0.5138202270690155,
      "median_inference_us": 18023.778495262377,
      "mean_inference_us": 18033.65331614623,
      "n_steps": 500
    },
    "256": {
      "goal_err_mm": 74.25483365336575,
      "max_field": 0.308710525770767,
      "mean_field": 0.016961725596790263,
      "path_len_m": 5.444780971155737,
      "mean_speed_mps": 0.5444780971155737,
      "median_inference_us": 18230.507499538362,
      "mean_inference_us": 18252.312432334293,
      "n_steps": 500
    },
    "128": {
      "goal_err_mm": 126.85247736450339,
      "max_field": 0.057613597226033014,
      "mean_field": 0.008869373390562242,
      "path_len_m": 4.701050828827354,
      "mean_speed_mps": 0.4701050828827354,
      "median_inference_us": 18236.18200432975,
      "mean_inference_us": 18250.45643968042,
      "n_steps": 500
    },
    "314": {
      "goal_err_mm": 80.01890121572885,
      "max_field": 0.04604723258270439,
      "mean_field": 0.013472605195810294,
      "path_len_m": 5.129975407692558,
      "mean_speed_mps": 0.5129975407692557,
      "median_inference_us": 18054.00350713171,
      "mean_inference_us": 18070.433104236145,
      "n_steps": 500
    },
    "2024": {
      "goal_err_mm": 107.64285004673798,
      "max_field": 0.14112568092440525,
      "mean_field": 0.019550814748034183,
      "path_len_m": 5.013552123037072,
      "mean_speed_mps": 0.5013552123037072,
      "median_inference_us": 18083.61850271467,
      "mean_inference_us": 18103.15196221927,
      "n_steps": 500
    },
    "777": {
      "goal_err_mm": 70.95507042683401,
      "max_field": 0.055049846672745185,
      "mean_field": 0.011655074362134019,
      "path_len_m": 5.096121846868318,
      "mean_speed_mps": 0.5096121846868318,
      "median_inference_us": 18261.714998516254,
      "mean_inference_us": 18251.39807641972,
      "n_steps": 500
    },
    "1337": {
      "goal_err_mm": 113.04503725969062,
      "max_field": 0.3826153135963832,
      "mean_field": 0.03444441617936959,
      "path_len_m": 5.3183996041037105,
      "mean_speed_mps": 0.5318399604103711,
      "median_inference_us": 18008.283994277008,
      "mean_inference_us": 18063.777311821468,
      "n_steps": 500
    }
  }
}