{
  "metadata": {
    "seeds": [
      42,
      7,
      13,
      99,
      256,
      128,
      314,
      2024,
      777,
      1337
    ],
    "T_max": 10.0,
    "controller": "Diffusion_v2_PPO_phase1"
  },
  "aggregate": {
    "goal_err_mm": {
      "mean": 85.75395912246397,
      "std": 20.06816038248752,
      "median": 95.21424668010029,
      "p95": 106.7921422999045,
      "values": [
        95.12877608022131,
        101.87744071848087,
        85.3059661551489,
        95.29971727997926,
        60.31934011368739,
        110.57837542941968,
        58.003120002502804,
        97.11525771138881,
        51.747073703313546,
        102.16452403049706
      ]
    },
    "max_field": {
      "mean": 0.10756294327620848,
      "std": 0.10959576205559701,
      "median": 0.0546727311966103,
      "p95": 0.3186269387402333,
      "values": [
        0.027232337963537332,
        0.03316496187206029,
        0.11199028010178526,
        0.025190172143867384,
        0.25119007056759146,
        0.06251909000423557,
        0.04411379550714873,
        0.09959979405866062,
        0.04682637238898502,
        0.3738025581542132
      ]
    },
    "mean_field": {
      "mean": 0.013339127179094398,
      "std": 0.008103819038691756,
      "median": 0.012897979568614408,
      "p95": 0.026209590524932366,
      "values": [
        0.0064247692007529745,
        0.005416545683314433,
        0.01625696912072016,
        0.0028337450996523965,
        0.016172264574520576,
        0.009557580729548772,
        0.013002363047046306,
        0.01803800509930835,
        0.01279359609018251,
        0.0328954331458975
      ]
    },
    "path_len_m": {
      "mean": 5.021473270064858,
      "std": 0.2066098112558202,
      "median": 5.072047345648494,
      "p95": 5.264846458296773,
      "values": [
        4.6334557834982935,
        5.155245113872539,
        4.998546797210737,
        5.1200811580299925,
        5.131704208839826,
        4.697213902832789,
        5.145704625265905,
        4.954247292278534,
        5.024013533266995,
        5.354520285552965
      ]
    },
    "mean_speed_mps": {
      "mean": 0.5021473270064857,
      "std": 0.020660981125582015,
      "median": 0.5072047345648494,
      "p95": 0.5264846458296772,
      "values": [
        0.46334557834982937,
        0.5155245113872539,
        0.49985467972107367,
        0.5120081158029992,
        0.5131704208839827,
        0.46972139028327886,
        0.5145704625265906,
        0.4954247292278534,
        0.5024013533266996,
        0.5354520285552965
      ]
    },
    "median_inference_us": {
      "mean": 17876.769401482306,
      "std": 228.3004146838084,
      "median": 17783.113748009782,
      "p95": 18259.7623213951,
      "values": [
        17751.820501871407,
        18283.98648649454,
        17553.86299919337,
        17792.021491914056,
        17765.320008038543,
        17654.934505117126,
        18230.155008495785,
        17911.09000623692,
        18050.29700335581,
        17774.20600410551
      ]
    }
  },
  "per_seed": {
    "42": {
      "goal_err_mm": 95.12877608022131,
      "max_field": 0.027232337963537332,
      "mean_field": 0.0064247692007529745,
      "path_len_m": 4.6334557834982935,
      "mean_speed_mps": 0.46334557834982937,
      "median_inference_us": 17751.820501871407,
      "mean_inference_us": 18163.455146132037,
      "n_steps": 500
    },
    "7": {
      "goal_err_mm": 101.87744071848087,
      "max_field": 0.03316496187206029,
      "mean_field": 0.005416545683314433,
      "path_len_m": 5.155245113872539,
      "mean_speed_mps": 0.5155245113872539,
      "median_inference_us": 18283.98648649454,
      "mean_inference_us": 18352.53705159994,
      "n_steps": 500
    },
    "13": {
      "goal_err_mm": 85.3059661551489,
      "max_field": 0.11199028010178526,
      "mean_field": 0.01625696912072016,
      "path_len_m": 4.998546797210737,
      "mean_speed_mps": 0.49985467972107367,
      "median_inference_us": 17553.86299919337,
      "mean_inference_us": 17606.230358884204,
      "n_steps": 500
    },
    "99": {
      "goal_err_mm": 95.29971727997926,
      "max_field": 0.025190172143867384,
      "mean_field": 0.0028337450996523965,
      "path_len_m": 5.1200811580299925,
      "mean_speed_mps": 0.5120081158029992,
      "median_inference_us": 17792.021491914056,
      "mean_inference_us": 17852.471065416466,
      "n_steps": 500
    },
    "256": {
      "goal_err_mm": 60.31934011368739,
      "max_field": 0.25119007056759146,
      "mean_field": 0.016172264574520576,
      "path_len_m": 5.131704208839826,
      "mean_speed_mps": 0.5131704208839827,
      "median_inference_us": 17765.320008038543,
      "mean_inference_us": 17822.63475144282,
      "n_steps": 500
    },
    "128": {
      "goal_err_mm": 110.57837542941968,
      "max_field": 0.06251909000423557,
      "mean_field": 0.009557580729548772,
      "path_len_m": 4.697213902832789,
      "mean_speed_mps": 0.46972139028327886,
      "median_inference_us": 17654.934505117126,
      "mean_inference_us": 17759.140363894403,
      "n_steps": 500
    },
    "314": {
      "goal_err_mm": 58.003120002502804,
      "max_field": 0.04411379550714873,
      "mean_field": 0.013002363047046306,
      "path_len_m": 5.145704625265905,
      "mean_speed_mps": 0.5145704625265906,
      "median_inference_us": 18230.155008495785,
      "mean_inference_us": 18337.86322438391,
      "n_steps": 500
    },
    "2024": {
      "goal_err_mm": 97.11525771138881,
      "max_field": 0.09959979405866062,
      "mean_field": 0.01803800509930835,
      "path_len_m": 4.954247292278534,
      "mean_speed_mps": 0.4954247292278534,
      "median_inference_us": 17911.09000623692,
      "mean_inference_us": 17915.822932322044,
      "n_steps": 500
    },
    "777": {
      "goal_err_mm": 51.747073703313546,
      "max_field": 0.04682637238898502,
      "mean_field": 0.01279359609018251,
      "path_len_m": 5.024013533266995,
      "mean_speed_mps": 0.5024013533266996,
      "median_inference_us": 18050.29700335581,
      "mean_inference_us": 18074.05776338419,
      "n_steps": 500
    },
    "1337": {
      "goal_err_mm": 102.16452403049706,
      "max_field": 0.3738025581542132,
      "mean_field": 0.0328954331458975,
      "path_len_m": 5.354520285552965,
      "mean_speed_mps": 0.5354520285552965,
      "median_inference_us": 17774.20600410551,
      "mean_inference_us": 17801.548082381487,
      "n_steps": 500
    }
  }
}