{
  "metadata": {
    "seeds": [
      42,
      7,
      13,
      99,
      256,
      128,
      314,
      2024,
      777,
      1337
    ],
    "T_max": 10.0,
    "controller": "Diffusion_v2_PPO_phase1"
  },
  "aggregate": {
    "goal_err_mm": {
      "mean": 98.7660880147051,
      "std": 15.027131797875313,
      "median": 96.89713331565908,
      "p95": 123.24746926687267,
      "values": [
        94.07013773357379,
        106.23353557283004,
        95.09960977831318,
        100.4286651197055,
        84.16209672824687,
        137.16796047108943,
        86.16424839979483,
        103.92450705416759,
        81.71546243632493,
        98.69465685300497
      ]
    },
    "max_field": {
      "mean": 0.0888189922463915,
      "std": 0.08032447421443893,
      "median": 0.05216404138217798,
      "p95": 0.2415375273305259,
      "values": [
        0.024217228341520392,
        0.039765176305913676,
        0.11197463317694359,
        0.011043625827275316,
        0.24947288499091178,
        0.05033094788274592,
        0.04245076583595157,
        0.0730987683643218,
        0.053997134881610044,
        0.23183875685672095
      ]
    },
    "mean_field": {
      "mean": 0.010012149328592505,
      "std": 0.0059299396053972215,
      "median": 0.010016153354823726,
      "p95": 0.019437889482923944,
      "values": [
        0.00549053396682174,
        0.0039021994155786555,
        0.012810331439373277,
        0.0013507995896549726,
        0.014170380401027884,
        0.007886681978547286,
        0.00989924149565253,
        0.01073059014443487,
        0.01013306521399492,
        0.023747669640838923
      ]
    },
    "path_len_m": {
      "mean": 5.2112573756536325,
      "std": 0.3258797087919376,
      "median": 5.1830472385572826,
      "p95": 5.710136597290689,
      "values": [
        4.689219722090957,
        5.806006188245322,
        5.1058155063577235,
        5.169276657549066,
        5.384801495354002,
        4.721764738853106,
        5.281879645932881,
        5.5929626527905825,
        5.196817819565499,
        5.164029329797178
      ]
    },
    "mean_speed_mps": {
      "mean": 0.5211257375653631,
      "std": 0.032587970879193774,
      "median": 0.5183047238557282,
      "p95": 0.5710136597290689,
      "values": [
        0.4689219722090957,
        0.5806006188245323,
        0.5105815506357724,
        0.5169276657549066,
        0.5384801495354001,
        0.4721764738853106,
        0.5281879645932881,
        0.5592962652790583,
        0.5196817819565499,
        0.5164029329797178
      ]
    },
    "median_inference_us": {
      "mean": 17633.64209618885,
      "std": 203.89791545722596,
      "median": 17571.068994584493,
      "p95": 17981.594894081354,
      "values": [
        17468.153993831947,
        17437.004004023038,
        17509.951489046216,
        17689.367494313046,
        17757.302994141355,
        17437.057496863417,
        17461.718001868576,
        17632.18650012277,
        18069.39349626191,
        17874.28549141623
      ]
    }
  },
  "per_seed": {
    "42": {
      "goal_err_mm": 94.07013773357379,
      "max_field": 0.024217228341520392,
      "mean_field": 0.00549053396682174,
      "path_len_m": 4.689219722090957,
      "mean_speed_mps": 0.4689219722090957,
      "median_inference_us": 17468.153993831947,
      "mean_inference_us": 17789.834439463448,
      "n_steps": 500
    },
    "7": {
      "goal_err_mm": 106.23353557283004,
      "max_field": 0.039765176305913676,
      "mean_field": 0.0039021994155786555,
      "path_len_m": 5.806006188245322,
      "mean_speed_mps": 0.5806006188245323,
      "median_inference_us": 17437.004004023038,
      "mean_inference_us": 17453.40009732172,
      "n_steps": 500
    },
    "13": {
      "goal_err_mm": 95.09960977831318,
      "max_field": 0.11197463317694359,
      "mean_field": 0.012810331439373277,
      "path_len_m": 5.1058155063577235,
      "mean_speed_mps": 0.5105815506357724,
      "median_inference_us": 17509.951489046216,
      "mean_inference_us": 17518.244308943395,
      "n_steps": 500
    },
    "99": {
      "goal_err_mm": 100.4286651197055,
      "max_field": 0.011043625827275316,
      "mean_field": 0.0013507995896549726,
      "path_len_m": 5.169276657549066,
      "mean_speed_mps": 0.5169276657549066,
      "median_inference_us": 17689.367494313046,
      "mean_inference_us": 17710.412509797607,
      "n_steps": 500
    },
    "256": {
      "goal_err_mm": 84.16209672824687,
      "max_field": 0.24947288499091178,
      "mean_field": 0.014170380401027884,
      "path_len_m": 5.384801495354002,
      "mean_speed_mps": 0.5384801495354001,
      "median_inference_us": 17757.302994141355,
      "mean_inference_us": 17696.809669665527,
      "n_steps": 500
    },
    "128": {
      "goal_err_mm": 137.16796047108943,
      "max_field": 0.05033094788274592,
      "mean_field": 0.007886681978547286,
      "path_len_m": 4.721764738853106,
      "mean_speed_mps": 0.4721764738853106,
      "median_inference_us": 17437.057496863417,
      "mean_inference_us": 17464.78046628181,
      "n_steps": 500
    },
    "314": {
      "goal_err_mm": 86.16424839979483,
      "max_field": 0.04245076583595157,
      "mean_field": 0.00989924149565253,
      "path_len_m": 5.281879645932881,
      "mean_speed_mps": 0.5281879645932881,
      "median_inference_us": 17461.718001868576,
      "mean_inference_us": 17490.42619584361,
      "n_steps": 500
    },
    "2024": {
      "goal_err_mm": 103.92450705416759,
      "max_field": 0.0730987683643218,
      "mean_field": 0.01073059014443487,
      "path_len_m": 5.5929626527905825,
      "mean_speed_mps": 0.5592962652790583,
      "median_inference_us": 17632.18650012277,
      "mean_inference_us": 17644.824529532343,
      "n_steps": 500
    },
    "777": {
      "goal_err_mm": 81.71546243632493,
      "max_field": 0.053997134881610044,
      "mean_field": 0.01013306521399492,
      "path_len_m": 5.196817819565499,
      "mean_speed_mps": 0.5196817819565499,
      "median_inference_us": 18069.39349626191,
      "mean_inference_us": 18051.787285425235,
      "n_steps": 500
    },
    "1337": {
      "goal_err_mm": 98.69465685300497,
      "max_field": 0.23183875685672095,
      "mean_field": 0.023747669640838923,
      "path_len_m": 5.164029329797178,
      "mean_speed_mps": 0.5164029329797178,
      "median_inference_us": 17874.28549141623,
      "mean_inference_us": 17882.722085982095,
      "n_steps": 500
    }
  }
}