{
  "metadata": {
    "seeds": [
      42,
      7,
      13,
      99,
      256,
      128,
      314,
      2024,
      777,
      1337
    ],
    "T_max": 10.0,
    "controller": "Diffusion_v2_PPO_phase1"
  },
  "aggregate": {
    "goal_err_mm": {
      "mean": 89.57412284018463,
      "std": 20.97452368339211,
      "median": 99.18811776810676,
      "p95": 111.50121300166099,
      "values": [
        99.83159813637434,
        106.2812733514008,
        90.34373117803543,
        98.54463739983919,
        62.88387540555762,
        114.7487679649515,
        61.2012000303304,
        101.20147853244518,
        53.172687245272556,
        107.53197915763926
      ]
    },
    "max_field": {
      "mean": 0.11217382379390275,
      "std": 0.11615160156419223,
      "median": 0.05590305627567579,
      "p95": 0.33623855569414685,
      "values": [
        0.02666606642118773,
        0.03960184205837381,
        0.11198565474615076,
        0.022743888481381404,
        0.2629378533379178,
        0.06425415408034948,
        0.045940338590626004,
        0.1038446241300675,
        0.04755195847100209,
        0.3962118576219709
      ]
    },
    "mean_field": {
      "mean": 0.013586455737114155,
      "std": 0.008640418802651706,
      "median": 0.012811111312746863,
      "p95": 0.027620352090053257,
      "values": [
        0.006276532489085845,
        0.005374255184296852,
        0.01612773204342319,
        0.002588673638433445,
        0.016519007409114606,
        0.009670745189650347,
        0.013420565043295448,
        0.019066117453506826,
        0.012201657582198279,
        0.034619271338136734
      ]
    },
    "path_len_m": {
      "mean": 5.043437065050066,
      "std": 0.213793481124809,
      "median": 5.088912665498749,
      "p95": 5.313169982809857,
      "values": [
        4.640372821397196,
        5.244784549381223,
        5.0140224952280015,
        5.128614586162775,
        5.133174729627512,
        4.701369362474203,
        5.156079559066121,
        4.997620101259254,
        5.049210744834723,
        5.3691217010696475
      ]
    },
    "mean_speed_mps": {
      "mean": 0.5043437065050066,
      "std": 0.021379348112480906,
      "median": 0.5088912665498749,
      "p95": 0.5313169982809857,
      "values": [
        0.46403728213971956,
        0.5244784549381223,
        0.5014022495228001,
        0.5128614586162775,
        0.5133174729627512,
        0.4701369362474203,
        0.515607955906612,
        0.49976201012592536,
        0.5049210744834723,
        0.5369121701069648
      ]
    },
    "median_inference_us": {
      "mean": 17840.12890420854,
      "std": 147.66067896573128,
      "median": 17813.182748795953,
      "p95": 18058.437226864044,
      "values": [
        17614.81050925795,
        17654.78099696338,
        17845.974492956884,
        17763.346506399103,
        17746.952507877722,
        17780.39100463502,
        18062.23500170745,
        18053.795502055436,
        17939.270517672412,
        17939.73200256005
      ]
    }
  },
  "per_seed": {
    "42": {
      "goal_err_mm": 99.83159813637434,
      "max_field": 0.02666606642118773,
      "mean_field": 0.006276532489085845,
      "path_len_m": 4.640372821397196,
      "mean_speed_mps": 0.46403728213971956,
      "median_inference_us": 17614.81050925795,
      "mean_inference_us": 18043.537342513446,
      "n_steps": 500
    },
    "7": {
      "goal_err_mm": 106.2812733514008,
      "max_field": 0.03960184205837381,
      "mean_field": 0.005374255184296852,
      "path_len_m": 5.244784549381223,
      "mean_speed_mps": 0.5244784549381223,
      "median_inference_us": 17654.78099696338,
      "mean_inference_us": 17755.694886494894,
      "n_steps": 500
    },
    "13": {
      "goal_err_mm": 90.34373117803543,
      "max_field": 0.11198565474615076,
      "mean_field": 0.01612773204342319,
      "path_len_m": 5.0140224952280015,
      "mean_speed_mps": 0.5014022495228001,
      "median_inference_us": 17845.974492956884,
      "mean_inference_us": 17930.770131817553,
      "n_steps": 500
    },
    "99": {
      "goal_err_mm": 98.54463739983919,
      "max_field": 0.022743888481381404,
      "mean_field": 0.002588673638433445,
      "path_len_m": 5.128614586162775,
      "mean_speed_mps": 0.5128614586162775,
      "median_inference_us": 17763.346506399103,
      "mean_inference_us": 17836.98685071431,
      "n_steps": 500
    },
    "256": {
      "goal_err_mm": 62.88387540555762,
      "max_field": 0.2629378533379178,
      "mean_field": 0.016519007409114606,
      "path_len_m": 5.133174729627512,
      "mean_speed_mps": 0.5133174729627512,
      "median_inference_us": 17746.952507877722,
      "mean_inference_us": 17779.285282362252,
      "n_steps": 500
    },
    "128": {
      "goal_err_mm": 114.7487679649515,
      "max_field": 0.06425415408034948,
      "mean_field": 0.009670745189650347,
      "path_len_m": 4.701369362474203,
      "mean_speed_mps": 0.4701369362474203,
      "median_inference_us": 17780.39100463502,
      "mean_inference_us": 17810.171590128448,
      "n_steps": 500
    },
    "314": {
      "goal_err_mm": 61.2012000303304,
      "max_field": 0.045940338590626004,
      "mean_field": 0.013420565043295448,
      "path_len_m": 5.156079559066121,
      "mean_speed_mps": 0.515607955906612,
      "median_inference_us": 18062.23500170745,
      "mean_inference_us": 18127.63723608805,
      "n_steps": 500
    },
    "2024": {
      "goal_err_mm": 101.20147853244518,
      "max_field": 0.1038446241300675,
      "mean_field": 0.019066117453506826,
      "path_len_m": 4.997620101259254,
      "mean_speed_mps": 0.49976201012592536,
      "median_inference_us": 18053.795502055436,
      "mean_inference_us": 18054.47595420992,
      "n_steps": 500
    },
    "777": {
      "goal_err_mm": 53.172687245272556,
      "max_field": 0.04755195847100209,
      "mean_field": 0.012201657582198279,
      "path_len_m": 5.049210744834723,
      "mean_speed_mps": 0.5049210744834723,
      "median_inference_us": 17939.270517672412,
      "mean_inference_us": 17968.013294856064,
      "n_steps": 500
    },
    "1337": {
      "goal_err_mm": 107.53197915763926,
      "max_field": 0.3962118576219709,
      "mean_field": 0.034619271338136734,
      "path_len_m": 5.3691217010696475,
      "mean_speed_mps": 0.5369121701069648,
      "median_inference_us": 17939.73200256005,
      "mean_inference_us": 17988.622558536008,
      "n_steps": 500
    }
  }
}