{
  "metadata": {
    "n_seeds": 10,
    "obstacle_seeds": [
      42,
      7,
      13,
      99,
      256,
      128,
      314,
      2024,
      777,
      1337
    ],
    "task": "8-obstacle Gaussian course, start=(-1.5,-1.5,1) goal=(1.5,1.5,1)",
    "controller": "Diffusion_BC_planner",
    "obs_dim": 24,
    "net": "DiffusionUnetLowdimPolicy (ConditionalUnet1D)"
  },
  "obstacle_course": {
    "Diffusion_BC_planner": {
      "goal_err_mm": 93.12720287932773,
      "goal_std": 26.9772106289557,
      "max_field": 0.1838733206504046,
      "field_std": 0.24557386087661692,
      "teacher_dev_mm": null,
      "dev_std": null,
      "path_len_m": 5.084801208434529,
      "path_std": 0.33597675635694857,
      "speed_us": 19174.04589985381
    }
  },
  "aggregate": {
    "goal_err_mm": {
      "mean": 93.12720287932773,
      "std": 26.9772106289557,
      "sem": 8.530943050560357,
      "values": [
        99.35647515849006,
        119.01933977073838,
        113.3363091791849,
        101.42126002211289,
        59.99270217628198,
        106.16818458795021,
        43.851669392451925,
        103.93217331559948,
        58.35986933963795,
        125.8340458508295
      ]
    },
    "max_field": {
      "mean": 0.1838733206504046,
      "std": 0.24557386087661692,
      "sem": 0.07765727341714232,
      "values": [
        0.031205559122234373,
        0.03344073801222606,
        0.11151539766122727,
        0.02984304028009664,
        0.05591201435682397,
        0.037695725000697754,
        0.039827149803519424,
        0.8348277858240826,
        0.30130815989344917,
        0.36315763654968897
      ]
    },
    "mean_field": {
      "mean": 0.01716563337270096,
      "std": 0.01261233107047666,
      "sem": 0.0039883692786815885,
      "values": [
        0.0066831852286179765,
        0.006965936658456982,
        0.016177111194688877,
        0.0032392595971356733,
        0.012205086303063937,
        0.007028301631700663,
        0.012741494942615797,
        0.038188179252594025,
        0.03179590205490774,
        0.036631876863227955
      ]
    },
    "path_len_m": {
      "mean": 5.084801208434529,
      "std": 0.33597675635694857,
      "sem": 0.10624517909634129,
      "values": [
        4.6916506097389625,
        5.073359110301546,
        5.3883988220034125,
        5.092014640321996,
        4.965855878176766,
        4.651312352189764,
        5.035712167115072,
        5.86297515634535,
        4.858402758467783,
        5.22833058968463
      ]
    },
    "mean_speed_mps": {
      "mean": 0.5084801208434528,
      "std": 0.03359767563569485,
      "sem": 0.010624517909634127,
      "values": [
        0.46916506097389626,
        0.5073359110301545,
        0.5388398822003413,
        0.5092014640321996,
        0.49658558781767664,
        0.4651312352189764,
        0.5035712167115072,
        0.5862975156345349,
        0.48584027584677825,
        0.522833058968463
      ]
    },
    "median_inference_us": {
      "mean": 19174.04589985381,
      "std": 691.8558757159027,
      "sem": 218.78403798326298,
      "values": [
        19802.985996648204,
        19696.523995662574,
        20761.73900422873,
        19253.338999988046,
        19015.17300575506,
        18633.035499078687,
        18457.309997756965,
        18590.83099407144,
        18559.543503215536,
        18969.978002132848
      ]
    },
    "mean_inference_us": {
      "mean": 19259.020444285125,
      "std": 721.9648028798803,
      "sem": 228.30531675749128,
      "values": [
        19911.35748598026,
        19779.897235886892,
        20904.492495872546,
        19378.949443693273,
        19129.012430494186,
        18722.942591819447,
        18485.50827166764,
        18618.25742351357,
        18593.213801912498,
        19066.573262010934
      ]
    }
  },
  "per_seed": {
    "42": {
      "goal_err_mm": 99.35647515849006,
      "max_field": 0.031205559122234373,
      "mean_field": 0.0066831852286179765,
      "path_len_m": 4.6916506097389625,
      "mean_speed_mps": 0.46916506097389626,
      "median_inference_us": 19802.985996648204,
      "mean_inference_us": 19911.35748598026,
      "n_steps": 500
    },
    "7": {
      "goal_err_mm": 119.01933977073838,
      "max_field": 0.03344073801222606,
      "mean_field": 0.006965936658456982,
      "path_len_m": 5.073359110301546,
      "mean_speed_mps": 0.5073359110301545,
      "median_inference_us": 19696.523995662574,
      "mean_inference_us": 19779.897235886892,
      "n_steps": 500
    },
    "13": {
      "goal_err_mm": 113.3363091791849,
      "max_field": 0.11151539766122727,
      "mean_field": 0.016177111194688877,
      "path_len_m": 5.3883988220034125,
      "mean_speed_mps": 0.5388398822003413,
      "median_inference_us": 20761.73900422873,
      "mean_inference_us": 20904.492495872546,
      "n_steps": 500
    },
    "99": {
      "goal_err_mm": 101.42126002211289,
      "max_field": 0.02984304028009664,
      "mean_field": 0.0032392595971356733,
      "path_len_m": 5.092014640321996,
      "mean_speed_mps": 0.5092014640321996,
      "median_inference_us": 19253.338999988046,
      "mean_inference_us": 19378.949443693273,
      "n_steps": 500
    },
    "256": {
      "goal_err_mm": 59.99270217628198,
      "max_field": 0.05591201435682397,
      "mean_field": 0.012205086303063937,
      "path_len_m": 4.965855878176766,
      "mean_speed_mps": 0.49658558781767664,
      "median_inference_us": 19015.17300575506,
      "mean_inference_us": 19129.012430494186,
      "n_steps": 500
    },
    "128": {
      "goal_err_mm": 106.16818458795021,
      "max_field": 0.037695725000697754,
      "mean_field": 0.007028301631700663,
      "path_len_m": 4.651312352189764,
      "mean_speed_mps": 0.4651312352189764,
      "median_inference_us": 18633.035499078687,
      "mean_inference_us": 18722.942591819447,
      "n_steps": 500
    },
    "314": {
      "goal_err_mm": 43.851669392451925,
      "max_field": 0.039827149803519424,
      "mean_field": 0.012741494942615797,
      "path_len_m": 5.035712167115072,
      "mean_speed_mps": 0.5035712167115072,
      "median_inference_us": 18457.309997756965,
      "mean_inference_us": 18485.50827166764,
      "n_steps": 500
    },
    "2024": {
      "goal_err_mm": 103.93217331559948,
      "max_field": 0.8348277858240826,
      "mean_field": 0.038188179252594025,
      "path_len_m": 5.86297515634535,
      "mean_speed_mps": 0.5862975156345349,
      "median_inference_us": 18590.83099407144,
      "mean_inference_us": 18618.25742351357,
      "n_steps": 500
    },
    "777": {
      "goal_err_mm": 58.35986933963795,
      "max_field": 0.30130815989344917,
      "mean_field": 0.03179590205490774,
      "path_len_m": 4.858402758467783,
      "mean_speed_mps": 0.48584027584677825,
      "median_inference_us": 18559.543503215536,
      "mean_inference_us": 18593.213801912498,
      "n_steps": 500
    },
    "1337": {
      "goal_err_mm": 125.8340458508295,
      "max_field": 0.36315763654968897,
      "mean_field": 0.036631876863227955,
      "path_len_m": 5.22833058968463,
      "mean_speed_mps": 0.522833058968463,
      "median_inference_us": 18969.978002132848,
      "mean_inference_us": 19066.573262010934,
      "n_steps": 500
    }
  }
}