{
  "metadata": {
    "seeds": [
      42,
      7,
      13,
      99,
      256,
      128,
      314,
      2024,
      777,
      1337
    ],
    "T_max": 10.0,
    "controller": "Diffusion_v2_PPO_phase1"
  },
  "aggregate": {
    "goal_err_mm": {
      "mean": 119.8522708760144,
      "std": 14.779824179187026,
      "median": 115.71008491235003,
      "p95": 146.11760943257013,
      "values": [
        114.09770810586917,
        134.1712615756144,
        112.81735303464991,
        117.3224617188309,
        109.73951638758211,
        155.89189404280665,
        107.93595807119381,
        124.2352284389834,
        101.75352258734354,
        120.55780479727014
      ]
    },
    "max_field": {
      "mean": 0.11995361060016832,
      "std": 0.13571259476654005,
      "median": 0.05965922708302426,
      "p95": 0.3855885331320361,
      "values": [
        0.024317065363385872,
        0.05532618376047882,
        0.11198734118572984,
        0.0108550207000747,
        0.30346091415544607,
        0.06853118596708041,
        0.05356607566059809,
        0.0639922704055697,
        0.054716191054073327,
        0.45278385774924645
      ]
    },
    "mean_field": {
      "mean": 0.01197172430154167,
      "std": 0.009731948000536908,
      "median": 0.01007386934399758,
      "p95": 0.028167623760132772,
      "values": [
        0.005945433004157792,
        0.004570716774499662,
        0.013166540422118988,
        0.001273475265527738,
        0.015285591223133093,
        0.009408160706790564,
        0.011212118368061139,
        0.010037813253996946,
        0.010109925433998213,
        0.038707468563132556
      ]
    },
    "path_len_m": {
      "mean": 5.409780413483227,
      "std": 0.4871757309443423,
      "median": 5.3316058725801305,
      "p95": 6.187512591888931,
      "values": [
        4.693928535579559,
        6.320637632612286,
        5.27378617700175,
        5.245799584315304,
        6.0248042087826095,
        4.722141565307131,
        5.389425568158511,
        5.682559991523828,
        5.203262805558432,
        5.541458065992853
      ]
    },
    "mean_speed_mps": {
      "mean": 0.5409780413483226,
      "std": 0.048717573094434224,
      "median": 0.533160587258013,
      "p95": 0.6187512591888931,
      "values": [
        0.4693928535579559,
        0.6320637632612286,
        0.5273786177001749,
        0.5245799584315304,
        0.6024804208782609,
        0.4722141565307131,
        0.538942556815851,
        0.5682559991523828,
        0.5203262805558432,
        0.5541458065992854
      ]
    },
    "median_inference_us": {
      "mean": 18149.417550012004,
      "std": 123.786469618784,
      "median": 18117.690495273564,
      "p95": 18354.223130154423,
      "values": [
        17985.726983170025,
        18183.750507887453,
        18106.27948725596,
        18199.66900802683,
        18087.536489474587,
        18139.100007829256,
        18129.101503291167,
        18092.643498675898,
        18480.676502804272,
        18089.691511704586
      ]
    }
  },
  "per_seed": {
    "42": {
      "goal_err_mm": 114.09770810586917,
      "max_field": 0.024317065363385872,
      "mean_field": 0.005945433004157792,
      "path_len_m": 4.693928535579559,
      "mean_speed_mps": 0.4693928535579559,
      "median_inference_us": 17985.726983170025,
      "mean_inference_us": 18372.201455989853,
      "n_steps": 500
    },
    "7": {
      "goal_err_mm": 134.1712615756144,
      "max_field": 0.05532618376047882,
      "mean_field": 0.004570716774499662,
      "path_len_m": 6.320637632612286,
      "mean_speed_mps": 0.6320637632612286,
      "median_inference_us": 18183.750507887453,
      "mean_inference_us": 18227.001450199168,
      "n_steps": 500
    },
    "13": {
      "goal_err_mm": 112.81735303464991,
      "max_field": 0.11198734118572984,
      "mean_field": 0.013166540422118988,
      "path_len_m": 5.27378617700175,
      "mean_speed_mps": 0.5273786177001749,
      "median_inference_us": 18106.27948725596,
      "mean_inference_us": 18122.780513891485,
      "n_steps": 500
    },
    "99": {
      "goal_err_mm": 117.3224617188309,
      "max_field": 0.0108550207000747,
      "mean_field": 0.001273475265527738,
      "path_len_m": 5.245799584315304,
      "mean_speed_mps": 0.5245799584315304,
      "median_inference_us": 18199.66900802683,
      "mean_inference_us": 18215.038286114577,
      "n_steps": 500
    },
    "256": {
      "goal_err_mm": 109.73951638758211,
      "max_field": 0.30346091415544607,
      "mean_field": 0.015285591223133093,
      "path_len_m": 6.0248042087826095,
      "mean_speed_mps": 0.6024804208782609,
      "median_inference_us": 18087.536489474587,
      "mean_inference_us": 18119.063307822216,
      "n_steps": 500
    },
    "128": {
      "goal_err_mm": 155.89189404280665,
      "max_field": 0.06853118596708041,
      "mean_field": 0.009408160706790564,
      "path_len_m": 4.722141565307131,
      "mean_speed_mps": 0.4722141565307131,
      "median_inference_us": 18139.100007829256,
      "mean_inference_us": 18187.56369431503,
      "n_steps": 500
    },
    "314": {
      "goal_err_mm": 107.93595807119381,
      "max_field": 0.05356607566059809,
      "mean_field": 0.011212118368061139,
      "path_len_m": 5.389425568158511,
      "mean_speed_mps": 0.538942556815851,
      "median_inference_us": 18129.101503291167,
      "mean_inference_us": 18223.2308575185,
      "n_steps": 500
    },
    "2024": {
      "goal_err_mm": 124.2352284389834,
      "max_field": 0.0639922704055697,
      "mean_field": 0.010037813253996946,
      "path_len_m": 5.682559991523828,
      "mean_speed_mps": 0.5682559991523828,
      "median_inference_us": 18092.643498675898,
      "mean_inference_us": 18140.803977730684,
      "n_steps": 500
    },
    "777": {
      "goal_err_mm": 101.75352258734354,
      "max_field": 0.054716191054073327,
      "mean_field": 0.010109925433998213,
      "path_len_m": 5.203262805558432,
      "mean_speed_mps": 0.5203262805558432,
      "median_inference_us": 18480.676502804272,
      "mean_inference_us": 18462.8751075943,
      "n_steps": 500
    },
    "1337": {
      "goal_err_mm": 120.55780479727014,
      "max_field": 0.45278385774924645,
      "mean_field": 0.038707468563132556,
      "path_len_m": 5.541458065992853,
      "mean_speed_mps": 0.5541458065992854,
      "median_inference_us": 18089.691511704586,
      "mean_inference_us": 18131.324717600364,
      "n_steps": 500
    }
  }
}