{
  "metadata": {
    "seeds": [
      0,
      1,
      2,
      3,
      4,
      5,
      6,
      7,
      8,
      9
    ],
    "T_max": 10.0,
    "controller": "Diffusion_v2_PPO_phase1"
  },
  "aggregate": {
    "goal_err_mm": {
      "mean": 59.15096492345543,
      "std": 3.117045760753728,
      "median": 59.10223399155268,
      "p95": 64.15924643538628,
      "values": [
        55.18314782454547,
        64.87911225442708,
        59.155825300623825,
        63.279410434336405,
        60.53040280901439,
        57.346198452845464,
        56.78296758402623,
        54.79815469513957,
        59.04864268248154,
        60.505787197114344
      ]
    },
    "max_field": {
      "mean": 0.6056252441094797,
      "std": 0.39704636763313395,
      "median": 0.5190099939047134,
      "p95": 1.3025223083215836,
      "values": [
        0.7143592188798895,
        0.12787464610895158,
        1.2705013448590505,
        0.4736008743025063,
        0.465583465433531,
        0.5103862310143109,
        0.5276337567951158,
        0.596935924747189,
        0.04065570052695884,
        1.3287212784272926
      ]
    },
    "mean_field": {
      "mean": 0.11398722284083278,
      "std": 0.057102103526076996,
      "median": 0.11402803819847213,
      "p95": 0.20499951665137772,
      "values": [
        0.1313928708305589,
        0.042979283603097926,
        0.19050443838866693,
        0.11641977052989269,
        0.09395096731719635,
        0.12048398835082973,
        0.10287772362546659,
        0.11163630586705157,
        0.012767753756516727,
        0.21685912613905023
      ]
    },
    "path_len_m": {
      "mean": 6.528890840961013,
      "std": 0.5965000154233674,
      "median": 6.409445207130716,
      "p95": 7.603459229130742,
      "values": [
        6.224132595122338,
        6.314552082492764,
        7.562415814959708,
        6.464862719446653,
        6.4958920632790145,
        6.358429978583243,
        6.46046043567819,
        6.243654163425513,
        5.527468352261115,
        7.637040204361588
      ]
    },
    "mean_speed_mps": {
      "mean": 0.6528890840961012,
      "std": 0.05965000154233674,
      "median": 0.6409445207130717,
      "p95": 0.7603459229130742,
      "values": [
        0.6224132595122338,
        0.6314552082492764,
        0.7562415814959709,
        0.6464862719446652,
        0.6495892063279014,
        0.6358429978583243,
        0.646046043567819,
        0.6243654163425514,
        0.5527468352261116,
        0.7637040204361588
      ]
    },
    "median_inference_us": {
      "mean": 17946.48100185441,
      "std": 151.8504309580229,
      "median": 17934.336508915294,
      "p95": 18147.174044133862,
      "values": [
        17933.548006112687,
        17923.397506820038,
        18062.146511510946,
        18144.88550007809,
        18074.052495649084,
        18149.046489270404,
        17771.68849366717,
        17935.1250117179,
        17742.323005222715,
        17728.59699849505
      ]
    }
  },
  "per_seed": {
    "0": {
      "goal_err_mm": 55.18314782454547,
      "max_field": 0.7143592188798895,
      "mean_field": 0.1313928708305589,
      "path_len_m": 6.224132595122338,
      "mean_speed_mps": 0.6224132595122338,
      "median_inference_us": 17933.548006112687,
      "n_steps": 500
    },
    "1": {
      "goal_err_mm": 64.87911225442708,
      "max_field": 0.12787464610895158,
      "mean_field": 0.042979283603097926,
      "path_len_m": 6.314552082492764,
      "mean_speed_mps": 0.6314552082492764,
      "median_inference_us": 17923.397506820038,
      "n_steps": 500
    },
    "2": {
      "goal_err_mm": 59.155825300623825,
      "max_field": 1.2705013448590505,
      "mean_field": 0.19050443838866693,
      "path_len_m": 7.562415814959708,
      "mean_speed_mps": 0.7562415814959709,
      "median_inference_us": 18062.146511510946,
      "n_steps": 500
    },
    "3": {
      "goal_err_mm": 63.279410434336405,
      "max_field": 0.4736008743025063,
      "mean_field": 0.11641977052989269,
      "path_len_m": 6.464862719446653,
      "mean_speed_mps": 0.6464862719446652,
      "median_inference_us": 18144.88550007809,
      "n_steps": 500
    },
    "4": {
      "goal_err_mm": 60.53040280901439,
      "max_field": 0.465583465433531,
      "mean_field": 0.09395096731719635,
      "path_len_m": 6.4958920632790145,
      "mean_speed_mps": 0.6495892063279014,
      "median_inference_us": 18074.052495649084,
      "n_steps": 500
    },
    "5": {
      "goal_err_mm": 57.346198452845464,
      "max_field": 0.5103862310143109,
      "mean_field": 0.12048398835082973,
      "path_len_m": 6.358429978583243,
      "mean_speed_mps": 0.6358429978583243,
      "median_inference_us": 18149.046489270404,
      "n_steps": 500
    },
    "6": {
      "goal_err_mm": 56.78296758402623,
      "max_field": 0.5276337567951158,
      "mean_field": 0.10287772362546659,
      "path_len_m": 6.46046043567819,
      "mean_speed_mps": 0.646046043567819,
      "median_inference_us": 17771.68849366717,
      "n_steps": 500
    },
    "7": {
      "goal_err_mm": 54.79815469513957,
      "max_field": 0.596935924747189,
      "mean_field": 0.11163630586705157,
      "path_len_m": 6.243654163425513,
      "mean_speed_mps": 0.6243654163425514,
      "median_inference_us": 17935.1250117179,
      "n_steps": 500
    },
    "8": {
      "goal_err_mm": 59.04864268248154,
      "max_field": 0.04065570052695884,
      "mean_field": 0.012767753756516727,
      "path_len_m": 5.527468352261115,
      "mean_speed_mps": 0.5527468352261116,
      "median_inference_us": 17742.323005222715,
      "n_steps": 500
    },
    "9": {
      "goal_err_mm": 60.505787197114344,
      "max_field": 1.3287212784272926,
      "mean_field": 0.21685912613905023,
      "path_len_m": 7.637040204361588,
      "mean_speed_mps": 0.7637040204361588,
      "median_inference_us": 17728.59699849505,
      "n_steps": 500
    }
  }
}