{
  "metadata": {
    "seeds": [
      0,
      1,
      2,
      3,
      4,
      5,
      6,
      7,
      8,
      9
    ],
    "T_max": 10.0,
    "controller": "Diffusion_v2_PPO_phase1"
  },
  "aggregate": {
    "goal_err_mm": {
      "mean": 68.71203145015929,
      "std": 4.337937956782615,
      "median": 67.82938533995998,
      "p95": 75.6767189714963,
      "values": [
        62.55247704632984,
        67.01427502113062,
        74.53164523919564,
        72.66917143983328,
        68.81560586563653,
        68.64449565878935,
        65.86136537212076,
        64.04550803963384,
        66.37217333918079,
        76.61359747974231
      ]
    },
    "max_field": {
      "mean": 0.6619932757704567,
      "std": 0.42098960644171257,
      "median": 0.5757420773962485,
      "p95": 1.2946455632680447,
      "values": [
        0.6098677584481604,
        1.0819965189794414,
        1.2318870566090065,
        0.5232748822126155,
        0.5416163963443364,
        0.5380843546523034,
        0.05605406826659527,
        0.6489622555863082,
        0.042196034253087794,
        1.3459934323527125
      ]
    },
    "mean_field": {
      "mean": 0.11922848914027248,
      "std": 0.06343298564590062,
      "median": 0.11894685005875802,
      "p95": 0.20563370863160768,
      "values": [
        0.1172402380178624,
        0.17509137547786666,
        0.191809551777798,
        0.11895810624946078,
        0.10087658113858533,
        0.1234320886036114,
        0.01608697915284192,
        0.11893559386805527,
        0.01290999469555474,
        0.21694438242108838
      ]
    },
    "path_len_m": {
      "mean": 6.462689056292599,
      "std": 0.7049189358239649,
      "median": 6.312476148017131,
      "p95": 7.4429067137814755,
      "values": [
        6.285914977576481,
        7.436760719615873,
        7.418988746685407,
        6.38015729539543,
        6.33903731845778,
        6.2653449772698355,
        5.483392401531123,
        6.071351072069813,
        5.498007799861821,
        7.447935254462423
      ]
    },
    "mean_speed_mps": {
      "mean": 0.6462689056292599,
      "std": 0.0704918935823965,
      "median": 0.6312476148017131,
      "p95": 0.7442906713781476,
      "values": [
        0.6285914977576481,
        0.7436760719615874,
        0.7418988746685408,
        0.638015729539543,
        0.6339037318457781,
        0.6265344977269836,
        0.5483392401531123,
        0.6071351072069813,
        0.549800779986182,
        0.7447935254462423
      ]
    },
    "median_inference_us": {
      "mean": 19056.46894738311,
      "std": 2041.22510166524,
      "median": 18382.1827522479,
      "p95": 22263.926145387806,
      "values": [
        18549.651504145004,
        18726.725989836268,
        25157.998999929987,
        18177.10799514316,
        18107.20750654582,
        18292.776483576745,
        18344.066498684697,
        18281.93299297709,
        18506.922497181222,
        18420.299005811103
      ]
    }
  },
  "per_seed": {
    "0": {
      "goal_err_mm": 62.55247704632984,
      "max_field": 0.6098677584481604,
      "mean_field": 0.1172402380178624,
      "path_len_m": 6.285914977576481,
      "mean_speed_mps": 0.6285914977576481,
      "median_inference_us": 18549.651504145004,
      "n_steps": 500
    },
    "1": {
      "goal_err_mm": 67.01427502113062,
      "max_field": 1.0819965189794414,
      "mean_field": 0.17509137547786666,
      "path_len_m": 7.436760719615873,
      "mean_speed_mps": 0.7436760719615874,
      "median_inference_us": 18726.725989836268,
      "n_steps": 500
    },
    "2": {
      "goal_err_mm": 74.53164523919564,
      "max_field": 1.2318870566090065,
      "mean_field": 0.191809551777798,
      "path_len_m": 7.418988746685407,
      "mean_speed_mps": 0.7418988746685408,
      "median_inference_us": 25157.998999929987,
      "n_steps": 500
    },
    "3": {
      "goal_err_mm": 72.66917143983328,
      "max_field": 0.5232748822126155,
      "mean_field": 0.11895810624946078,
      "path_len_m": 6.38015729539543,
      "mean_speed_mps": 0.638015729539543,
      "median_inference_us": 18177.10799514316,
      "n_steps": 500
    },
    "4": {
      "goal_err_mm": 68.81560586563653,
      "max_field": 0.5416163963443364,
      "mean_field": 0.10087658113858533,
      "path_len_m": 6.33903731845778,
      "mean_speed_mps": 0.6339037318457781,
      "median_inference_us": 18107.20750654582,
      "n_steps": 500
    },
    "5": {
      "goal_err_mm": 68.64449565878935,
      "max_field": 0.5380843546523034,
      "mean_field": 0.1234320886036114,
      "path_len_m": 6.2653449772698355,
      "mean_speed_mps": 0.6265344977269836,
      "median_inference_us": 18292.776483576745,
      "n_steps": 500
    },
    "6": {
      "goal_err_mm": 65.86136537212076,
      "max_field": 0.05605406826659527,
      "mean_field": 0.01608697915284192,
      "path_len_m": 5.483392401531123,
      "mean_speed_mps": 0.5483392401531123,
      "median_inference_us": 18344.066498684697,
      "n_steps": 500
    },
    "7": {
      "goal_err_mm": 64.04550803963384,
      "max_field": 0.6489622555863082,
      "mean_field": 0.11893559386805527,
      "path_len_m": 6.071351072069813,
      "mean_speed_mps": 0.6071351072069813,
      "median_inference_us": 18281.93299297709,
      "n_steps": 500
    },
    "8": {
      "goal_err_mm": 66.37217333918079,
      "max_field": 0.042196034253087794,
      "mean_field": 0.01290999469555474,
      "path_len_m": 5.498007799861821,
      "mean_speed_mps": 0.549800779986182,
      "median_inference_us": 18506.922497181222,
      "n_steps": 500
    },
    "9": {
      "goal_err_mm": 76.61359747974231,
      "max_field": 1.3459934323527125,
      "mean_field": 0.21694438242108838,
      "path_len_m": 7.447935254462423,
      "mean_speed_mps": 0.7447935254462423,
      "median_inference_us": 18420.299005811103,
      "n_steps": 500
    }
  }
}