{
  "metadata": {
    "n_seeds": 10,
    "obstacle_seeds": [
      42,
      7,
      13,
      99,
      256,
      128,
      314,
      2024,
      777,
      1337
    ],
    "task": "8-obstacle Gaussian course, start=(-1.5,-1.5,1) goal=(1.5,1.5,1)",
    "controller": "MLP_DAgger_DART_planner",
    "obs_dim": 24,
    "obs_design": "state(12) + sdf(1) + sdf_grad(3) + 8*sdf_lookahead",
    "net": "2-layer ReLU MLP, 64 hidden, tanh output",
    "model_path": "/home/alfajer/quad_obstacle_planning/data/mlp_student_v1.pt"
  },
  "obstacle_course": {
    "MLP_DAgger_DART_planner": {
      "goal_err_mm": 845.5282189919666,
      "goal_std": 259.7466475513134,
      "max_field": 0.25143303611224943,
      "field_std": 0.16670249620639369,
      "teacher_dev_mm": null,
      "dev_std": null,
      "path_len_m": 11.671602794841103,
      "path_std": 1.6199860073214352,
      "speed_us": 28.684550488833338
    }
  },
  "aggregate": {
    "goal_err_mm": {
      "mean": 845.5282189919666,
      "std": 259.7466475513134,
      "sem": 82.13910208551479,
      "values": [
        987.12900141487,
        1340.4320783059402,
        688.2999953486835,
        935.871167783681,
        613.0462406824414,
        1193.1856076490758,
        707.5184867136601,
        569.2443411931088,
        523.2728270395404,
        897.2824437886649
      ]
    },
    "max_field": {
      "mean": 0.25143303611224943,
      "std": 0.16670249620639369,
      "sem": 0.05271595796477827,
      "values": [
        0.07885208709148364,
        0.05123264169772112,
        0.39656177136694043,
        0.3457161366782577,
        0.5265837456542176,
        0.30411899743862575,
        0.163812068613102,
        0.09520177936902677,
        0.45818652142802685,
        0.09406461178509247
      ]
    },
    "mean_field": {
      "mean": 0.028394275937995466,
      "std": 0.017428682618320143,
      "sem": 0.005511433369007872,
      "values": [
        0.009747374766359593,
        0.010027033969216132,
        0.04639764493340789,
        0.031303655012839784,
        0.032706570561284266,
        0.04545571330209426,
        0.016799117932438764,
        0.011420559282625392,
        0.0625851032708009,
        0.017499986348887647
      ]
    },
    "path_len_m": {
      "mean": 11.671602794841103,
      "std": 1.6199860073214352,
      "sem": 0.5122845560737943,
      "values": [
        12.210422401319574,
        7.9946798835531325,
        12.852360347070743,
        11.623539267080497,
        14.132840968939858,
        11.371604274047495,
        10.44100851182312,
        11.091957914320625,
        11.584919255736988,
        13.412695124519004
      ]
    },
    "mean_speed_mps": {
      "mean": 1.1671602794841105,
      "std": 0.1619986007321435,
      "sem": 0.051228455607379424,
      "values": [
        1.2210422401319574,
        0.7994679883553133,
        1.2852360347070744,
        1.1623539267080498,
        1.4132840968939857,
        1.1371604274047495,
        1.044100851182312,
        1.1091957914320625,
        1.1584919255736987,
        1.3412695124519005
      ]
    },
    "median_inference_us": {
      "mean": 28.684550488833338,
      "std": 0.5853222510264693,
      "sem": 0.1850951478420472,
      "values": [
        29.38049874501303,
        29.418995836749673,
        28.531503630802035,
        29.281494789756835,
        29.441005608532578,
        28.171998565085232,
        28.07150303851813,
        28.240006940905005,
        27.99349749693647,
        28.315000236034393
      ]
    },
    "mean_inference_us": {
      "mean": 30.737393215531483,
      "std": 0.6965135950553535,
      "sem": 0.22025693816471092,
      "values": [
        30.878142075380307,
        31.758422090206295,
        30.455389904091135,
        31.08019765932113,
        31.599581881891933,
        29.508486215490848,
        30.13756388099864,
        31.448594148969278,
        30.2037360961549,
        30.303818202810362
      ]
    }
  },
  "per_seed": {
    "42": {
      "goal_err_mm": 987.12900141487,
      "max_field": 0.07885208709148364,
      "mean_field": 0.009747374766359593,
      "path_len_m": 12.210422401319574,
      "mean_speed_mps": 1.2210422401319574,
      "median_inference_us": 29.38049874501303,
      "mean_inference_us": 30.878142075380307,
      "n_steps": 500
    },
    "7": {
      "goal_err_mm": 1340.4320783059402,
      "max_field": 0.05123264169772112,
      "mean_field": 0.010027033969216132,
      "path_len_m": 7.9946798835531325,
      "mean_speed_mps": 0.7994679883553133,
      "median_inference_us": 29.418995836749673,
      "mean_inference_us": 31.758422090206295,
      "n_steps": 500
    },
    "13": {
      "goal_err_mm": 688.2999953486835,
      "max_field": 0.39656177136694043,
      "mean_field": 0.04639764493340789,
      "path_len_m": 12.852360347070743,
      "mean_speed_mps": 1.2852360347070744,
      "median_inference_us": 28.531503630802035,
      "mean_inference_us": 30.455389904091135,
      "n_steps": 500
    },
    "99": {
      "goal_err_mm": 935.871167783681,
      "max_field": 0.3457161366782577,
      "mean_field": 0.031303655012839784,
      "path_len_m": 11.623539267080497,
      "mean_speed_mps": 1.1623539267080498,
      "median_inference_us": 29.281494789756835,
      "mean_inference_us": 31.08019765932113,
      "n_steps": 500
    },
    "256": {
      "goal_err_mm": 613.0462406824414,
      "max_field": 0.5265837456542176,
      "mean_field": 0.032706570561284266,
      "path_len_m": 14.132840968939858,
      "mean_speed_mps": 1.4132840968939857,
      "median_inference_us": 29.441005608532578,
      "mean_inference_us": 31.599581881891933,
      "n_steps": 500
    },
    "128": {
      "goal_err_mm": 1193.1856076490758,
      "max_field": 0.30411899743862575,
      "mean_field": 0.04545571330209426,
      "path_len_m": 11.371604274047495,
      "mean_speed_mps": 1.1371604274047495,
      "median_inference_us": 28.171998565085232,
      "mean_inference_us": 29.508486215490848,
      "n_steps": 500
    },
    "314": {
      "goal_err_mm": 707.5184867136601,
      "max_field": 0.163812068613102,
      "mean_field": 0.016799117932438764,
      "path_len_m": 10.44100851182312,
      "mean_speed_mps": 1.044100851182312,
      "median_inference_us": 28.07150303851813,
      "mean_inference_us": 30.13756388099864,
      "n_steps": 500
    },
    "2024": {
      "goal_err_mm": 569.2443411931088,
      "max_field": 0.09520177936902677,
      "mean_field": 0.011420559282625392,
      "path_len_m": 11.091957914320625,
      "mean_speed_mps": 1.1091957914320625,
      "median_inference_us": 28.240006940905005,
      "mean_inference_us": 31.448594148969278,
      "n_steps": 500
    },
    "777": {
      "goal_err_mm": 523.2728270395404,
      "max_field": 0.45818652142802685,
      "mean_field": 0.0625851032708009,
      "path_len_m": 11.584919255736988,
      "mean_speed_mps": 1.1584919255736987,
      "median_inference_us": 27.99349749693647,
      "mean_inference_us": 30.2037360961549,
      "n_steps": 500
    },
    "1337": {
      "goal_err_mm": 897.2824437886649,
      "max_field": 0.09406461178509247,
      "mean_field": 0.017499986348887647,
      "path_len_m": 13.412695124519004,
      "mean_speed_mps": 1.3412695124519005,
      "median_inference_us": 28.315000236034393,
      "mean_inference_us": 30.303818202810362,
      "n_steps": 500
    }
  }
}