{
  "metadata": {
    "n_seeds": 10,
    "obstacle_seeds": [
      42,
      7,
      13,
      99,
      256,
      128,
      314,
      2024,
      777,
      1337
    ],
    "task": "8-obstacle Gaussian course, start=(-1.5,-1.5,1) goal=(1.5,1.5,1)",
    "controller": "MLP_DAgger_DART_planner",
    "obs_dim": 24,
    "obs_design": "state(12) + sdf(1) + sdf_grad(3) + 8*sdf_lookahead",
    "net": "2-layer ReLU MLP, 64 hidden, tanh output",
    "model_path": "/home/alfajer/quad_obstacle_planning/data/mlp_student_bc_only.pt"
  },
  "obstacle_course": {
    "MLP_DAgger_DART_planner": {
      "goal_err_mm": 36.94814978877329,
      "goal_std": 22.491787485242035,
      "max_field": 0.3251121156939599,
      "field_std": 0.370415237135644,
      "teacher_dev_mm": null,
      "dev_std": null,
      "path_len_m": 6.266586488920292,
      "path_std": 2.3477997574649243,
      "speed_us": 28.63990084733814
    }
  },
  "aggregate": {
    "goal_err_mm": {
      "mean": 36.94814978877329,
      "std": 22.491787485242035,
      "sem": 7.112527710183562,
      "values": [
        13.017635022889726,
        26.263433920008676,
        20.782450378953772,
        25.345214628914672,
        43.127260083210416,
        44.545153558280916,
        52.9289024467555,
        38.94493886773287,
        91.95986677938068,
        12.566642201605761
      ]
    },
    "max_field": {
      "mean": 0.3251121156939599,
      "std": 0.370415237135644,
      "sem": 0.11713558293800196,
      "values": [
        0.05302119687257214,
        0.17268510065375128,
        0.11155263959296847,
        0.0388307139365309,
        0.17742848229004668,
        0.9334431511079494,
        0.5695865023595129,
        1.0711784256825692,
        0.051499248630060154,
        0.07189569581363837
      ]
    },
    "mean_field": {
      "mean": 0.025038559914792202,
      "std": 0.021470227940357377,
      "sem": 0.0067894822174515085,
      "values": [
        0.009708478608027838,
        0.013422456919664275,
        0.012310007333495363,
        0.0042777523919720305,
        0.02196232385775128,
        0.05557110646746369,
        0.07229528193868091,
        0.036515673211830996,
        0.010104176764012594,
        0.014218341655023066
      ]
    },
    "path_len_m": {
      "mean": 6.266586488920292,
      "std": 2.3477997574649243,
      "sem": 0.7424394723580069,
      "values": [
        4.68533384071494,
        5.678742340306676,
        5.297923675388124,
        5.228069873267353,
        5.203581679044392,
        8.175036519281706,
        12.693083033013531,
        6.013909214043666,
        5.047251216945074,
        4.642933497197462
      ]
    },
    "mean_speed_mps": {
      "mean": 0.6266586488920293,
      "std": 0.2347799757464924,
      "sem": 0.07424394723580068,
      "values": [
        0.46853338407149403,
        0.5678742340306676,
        0.5297923675388124,
        0.5228069873267354,
        0.5203581679044392,
        0.8175036519281706,
        1.269308303301353,
        0.6013909214043667,
        0.5047251216945073,
        0.46429334971974623
      ]
    },
    "median_inference_us": {
      "mean": 28.63990084733814,
      "std": 0.5913894296452997,
      "sem": 0.18701375818270508,
      "values": [
        28.351998480502516,
        28.517497412394732,
        28.19849760271609,
        27.91100268950686,
        29.435504984576255,
        28.058500902261585,
        28.056500013917685,
        29.112998163327575,
        29.533002816606313,
        29.223505407571793
      ]
    },
    "mean_inference_us": {
      "mean": 30.574577796505764,
      "std": 1.3383013360538505,
      "sem": 0.4232080417576586,
      "values": [
        30.12867772486061,
        29.709732421906665,
        30.41259993915446,
        29.188936023274437,
        34.062807681038976,
        29.918234125943854,
        29.282151226652786,
        30.70188645506278,
        31.064498412888497,
        31.276253954274576
      ]
    }
  },
  "per_seed": {
    "42": {
      "goal_err_mm": 13.017635022889726,
      "max_field": 0.05302119687257214,
      "mean_field": 0.009708478608027838,
      "path_len_m": 4.68533384071494,
      "mean_speed_mps": 0.46853338407149403,
      "median_inference_us": 28.351998480502516,
      "mean_inference_us": 30.12867772486061,
      "n_steps": 500
    },
    "7": {
      "goal_err_mm": 26.263433920008676,
      "max_field": 0.17268510065375128,
      "mean_field": 0.013422456919664275,
      "path_len_m": 5.678742340306676,
      "mean_speed_mps": 0.5678742340306676,
      "median_inference_us": 28.517497412394732,
      "mean_inference_us": 29.709732421906665,
      "n_steps": 500
    },
    "13": {
      "goal_err_mm": 20.782450378953772,
      "max_field": 0.11155263959296847,
      "mean_field": 0.012310007333495363,
      "path_len_m": 5.297923675388124,
      "mean_speed_mps": 0.5297923675388124,
      "median_inference_us": 28.19849760271609,
      "mean_inference_us": 30.41259993915446,
      "n_steps": 500
    },
    "99": {
      "goal_err_mm": 25.345214628914672,
      "max_field": 0.0388307139365309,
      "mean_field": 0.0042777523919720305,
      "path_len_m": 5.228069873267353,
      "mean_speed_mps": 0.5228069873267354,
      "median_inference_us": 27.91100268950686,
      "mean_inference_us": 29.188936023274437,
      "n_steps": 500
    },
    "256": {
      "goal_err_mm": 43.127260083210416,
      "max_field": 0.17742848229004668,
      "mean_field": 0.02196232385775128,
      "path_len_m": 5.203581679044392,
      "mean_speed_mps": 0.5203581679044392,
      "median_inference_us": 29.435504984576255,
      "mean_inference_us": 34.062807681038976,
      "n_steps": 500
    },
    "128": {
      "goal_err_mm": 44.545153558280916,
      "max_field": 0.9334431511079494,
      "mean_field": 0.05557110646746369,
      "path_len_m": 8.175036519281706,
      "mean_speed_mps": 0.8175036519281706,
      "median_inference_us": 28.058500902261585,
      "mean_inference_us": 29.918234125943854,
      "n_steps": 500
    },
    "314": {
      "goal_err_mm": 52.9289024467555,
      "max_field": 0.5695865023595129,
      "mean_field": 0.07229528193868091,
      "path_len_m": 12.693083033013531,
      "mean_speed_mps": 1.269308303301353,
      "median_inference_us": 28.056500013917685,
      "mean_inference_us": 29.282151226652786,
      "n_steps": 500
    },
    "2024": {
      "goal_err_mm": 38.94493886773287,
      "max_field": 1.0711784256825692,
      "mean_field": 0.036515673211830996,
      "path_len_m": 6.013909214043666,
      "mean_speed_mps": 0.6013909214043667,
      "median_inference_us": 29.112998163327575,
      "mean_inference_us": 30.70188645506278,
      "n_steps": 500
    },
    "777": {
      "goal_err_mm": 91.95986677938068,
      "max_field": 0.051499248630060154,
      "mean_field": 0.010104176764012594,
      "path_len_m": 5.047251216945074,
      "mean_speed_mps": 0.5047251216945073,
      "median_inference_us": 29.533002816606313,
      "mean_inference_us": 31.064498412888497,
      "n_steps": 500
    },
    "1337": {
      "goal_err_mm": 12.566642201605761,
      "max_field": 0.07189569581363837,
      "mean_field": 0.014218341655023066,
      "path_len_m": 4.642933497197462,
      "mean_speed_mps": 0.46429334971974623,
      "median_inference_us": 29.223505407571793,
      "mean_inference_us": 31.276253954274576,
      "n_steps": 500
    }
  }
}