{
  "metadata": {
    "n_seeds": 10,
    "obstacle_seeds": [
      42,
      7,
      13,
      99,
      256,
      128,
      314,
      2024,
      777,
      1337
    ],
    "task": "8-obstacle Gaussian course, start=(-1.5,-1.5,1) goal=(1.5,1.5,1)",
    "controller": "Hierarchical_Planner",
    "planner": "A* (26-conn, 5cm) + min-snap 7th-order + SE(3) NMPC tracker",
    "voxel_resolution_m": 0.05,
    "safety_margin_m": 0.15,
    "target_avg_speed_mps": 0.8,
    "nmpc_horizon_N": 15,
    "nmpc_dt": 0.02
  },
  "obstacle_course": {
    "Hierarchical_Planner": {
      "goal_err_mm": 16.290974096476436,
      "goal_std": 13.909526419035089,
      "max_field": 0.045763349128857614,
      "field_std": 0.025106059739935977,
      "teacher_dev_mm": null,
      "dev_std": null,
      "path_len_m": 4.808392889400176,
      "path_std": 0.2569306989435553,
      "speed_us": 23479.72203278914
    }
  },
  "aggregate": {
    "goal_err_mm": {
      "mean": 16.290974096476436,
      "std": 13.909526419035089,
      "sem": 4.398578465843653,
      "values": [
        4.7665550059943715,
        12.17675870917047,
        7.104443779230387,
        9.616350247211676,
        19.60880799264473,
        8.087423948900605,
        22.127413387668906,
        11.42749635905526,
        55.12802304293182,
        12.86646849195612
      ]
    },
    "max_field": {
      "mean": 0.045763349128857614,
      "std": 0.025106059739935977,
      "sem": 0.00793923318504523,
      "values": [
        0.03760369132579411,
        0.04174800529277738,
        0.11151539766122727,
        0.06863515871214909,
        0.026176332683373795,
        0.049337073265347385,
        0.034827237665991495,
        0.03292019301099053,
        0.02418113836794786,
        0.030689263302977162
      ]
    },
    "mean_field": {
      "mean": 0.016400909621707687,
      "std": 0.005243415150945951,
      "sem": 0.0016581134594824789,
      "values": [
        0.014926097965147562,
        0.017228941776434543,
        0.03115903400711232,
        0.012324163863086128,
        0.01129761100545317,
        0.01707407760936981,
        0.015751374281313242,
        0.015645280381005627,
        0.01348135946182037,
        0.01512115586633412
      ]
    },
    "path_len_m": {
      "mean": 4.808392889400176,
      "std": 0.2569306989435553,
      "sem": 0.08124862094806523,
      "values": [
        4.568781691868669,
        4.735591095956607,
        5.374703507564323,
        4.4966405421900735,
        4.812750407124113,
        4.476913103244512,
        5.001735606267544,
        4.879354447230957,
        4.968547165210638,
        4.768911327344334
      ]
    },
    "mean_speed_mps": {
      "mean": 0.8039059175710068,
      "std": 0.020560940924167635,
      "sem": 0.00650194041565371,
      "values": [
        0.787720981356667,
        0.7788801144665473,
        0.7766912583185438,
        0.7972766918776727,
        0.8129645957979922,
        0.8023141762086939,
        0.8119700659525233,
        0.8441789701091621,
        0.7962415328863202,
        0.8308207887359467
      ]
    },
    "median_solve_ms": {
      "mean": 23.47972203278914,
      "std": 1.3441495700036623,
      "sem": 0.4250574157147514,
      "values": [
        22.623151482548565,
        22.049415041692555,
        23.18657946307212,
        22.816698474343866,
        24.46802653139457,
        23.383317980915308,
        23.124643426854163,
        22.964723990298808,
        27.1147929597646,
        23.065870977006853
      ]
    },
    "mean_solve_ms": {
      "mean": 24.929358664614433,
      "std": 1.4840752408861213,
      "sem": 0.4693057980263187,
      "values": [
        24.102880142966352,
        22.682617354899104,
        24.70494689577329,
        24.165422008752635,
        25.638543467770482,
        24.67705917963591,
        24.096477998635283,
        24.921994531449823,
        28.65529954448366,
        25.648345521777763
      ]
    },
    "planning_time_ms": {
      "mean": 420.7401843275875,
      "std": 242.83769992018256,
      "sem": 76.79202335042659,
      "values": [
        126.33744906634092,
        322.09577201865613,
        480.47759698238224,
        212.09211309906095,
        679.194956086576,
        253.4238430671394,
        430.9250669321045,
        374.8090440640226,
        1003.7398919230327,
        324.3061100365594
      ]
    },
    "astar_ms": {
      "mean": 236.09277551295236,
      "std": 170.0556711689564,
      "sem": 53.77632499225307,
      "values": [
        58.60514706000686,
        202.95249298214912,
        307.2956739924848,
        126.77901203278452,
        371.58126605208963,
        39.80716201476753,
        244.63576497510076,
        282.18349802773446,
        635.573051054962,
        91.51468693744391
      ]
    },
    "smooth_ms": {
      "mean": 134.11452141590416,
      "std": 91.82397455154909,
      "sem": 29.037290339223343,
      "values": [
        11.422106996178627,
        78.42957403045148,
        124.64726401958615,
        33.04011304862797,
        256.3280740287155,
        166.9411970069632,
        139.59823304321617,
        44.91433303337544,
        306.87377392314374,
        178.95054502878338
      ]
    },
    "voxel_build_ms": {
      "mean": 50.53288739873096,
      "std": 5.492780133200987,
      "sem": 1.7369695907438174,
      "values": [
        56.31019501015544,
        40.713705006055534,
        48.534658970311284,
        52.27298801764846,
        51.28561600577086,
        46.675484045408666,
        46.6910689137876,
        47.7112130029127,
        61.29306694492698,
        53.84087807033211
      ]
    }
  },
  "per_seed": {
    "42": {
      "goal_err_mm": 4.7665550059943715,
      "max_field": 0.03760369132579411,
      "mean_field": 0.014926097965147562,
      "path_len_m": 4.568781691868669,
      "mean_speed_mps": 0.787720981356667,
      "median_solve_ms": 22.623151482548565,
      "mean_solve_ms": 24.102880142966352,
      "planning_time_ms": 126.33744906634092,
      "astar_ms": 58.60514706000686,
      "smooth_ms": 11.422106996178627,
      "voxel_build_ms": 56.31019501015544,
      "smoother": "min_snap",
      "n_steps": 290,
      "ref_total_s": 5.769371935409284
    },
    "7": {
      "goal_err_mm": 12.17675870917047,
      "max_field": 0.04174800529277738,
      "mean_field": 0.017228941776434543,
      "path_len_m": 4.735591095956607,
      "mean_speed_mps": 0.7788801144665473,
      "median_solve_ms": 22.049415041692555,
      "mean_solve_ms": 22.682617354899104,
      "planning_time_ms": 322.09577201865613,
      "astar_ms": 202.95249298214912,
      "smooth_ms": 78.42957403045148,
      "voxel_build_ms": 40.713705006055534,
      "smoother": "min_snap",
      "n_steps": 304,
      "ref_total_s": 6.052216130897826
    },
    "13": {
      "goal_err_mm": 7.104443779230387,
      "max_field": 0.11151539766122727,
      "mean_field": 0.03115903400711232,
      "path_len_m": 5.374703507564323,
      "mean_speed_mps": 0.7766912583185438,
      "median_solve_ms": 23.18657946307212,
      "mean_solve_ms": 24.70494689577329,
      "planning_time_ms": 480.47759698238224,
      "astar_ms": 307.2956739924848,
      "smooth_ms": 124.64726401958615,
      "voxel_build_ms": 48.534658970311284,
      "smoother": "min_snap",
      "n_steps": 346,
      "ref_total_s": 6.8860935972268935
    },
    "99": {
      "goal_err_mm": 9.616350247211676,
      "max_field": 0.06863515871214909,
      "mean_field": 0.012324163863086128,
      "path_len_m": 4.4966405421900735,
      "mean_speed_mps": 0.7972766918776727,
      "median_solve_ms": 22.816698474343866,
      "mean_solve_ms": 24.165422008752635,
      "planning_time_ms": 212.09211309906095,
      "astar_ms": 126.77901203278452,
      "smooth_ms": 33.04011304862797,
      "voxel_build_ms": 52.27298801764846,
      "smoother": "min_snap",
      "n_steps": 282,
      "ref_total_s": 5.612575929979005
    },