{
  "config": {
    "init_checkpoint": "data/diffusion_student_v2_ema.pt",
    "data": "data/planner_dataset_v2.npz",
    "n_iters": 30,
    "n_rollouts": 100,
    "horizon": 500,
    "awr_steps": 100,
    "awr_lr": 1e-06,
    "awr_batch": 64,
    "awr_temperature": 0.1,
    "awr_weight_clip": 5.0,
    "gae_gamma": 0.99,
    "gae_lambda": 0.95,
    "value_epochs": 10,
    "drift_rel_iter_limit": 0.02,
    "drift_rel_cum_limit": 0.05,
    "return_regression_limit": 0.3,
    "regression_warmup_iters": 5,
    "goal_err_limit_mm": 150.0,
    "max_field_limit": 1.5,
    "checkpoint_dir": "data",
    "checkpoint_prefix": "diffusion_v2_ppo_phase2",
    "rollouts_dir": "data/ppo_rollouts",
    "log_out": "results/ppo_phase2_training_log.json",
    "device": null
  },
  "iterations": [
    {
      "iteration": 1,
      "wallclock_seconds": 955.597662448883,
      "rollout_seconds": 953.3568768501282,
      "n_episodes": 100,
      "n_transitions": 50000,
      "mean_return": -21.98876498427579,
      "mean_goal_err_mm": 90.83008327213446,
      "mean_goal_err_mm_random": 93.203124117267,
      "mean_max_field": 0.2286282069048227,
      "median_max_field": 0.08882155436623831,
      "p95_max_field": 0.8106467192602322,
      "max_field_max_random": 0.9901195193157167,
      "param_drift_l2": 0.06255030316761835,
      "param_drift_l2_iter": 0.06255030316761835,
      "param_drift_relative": 0.00044471618170339273,
      "kl_to_init": 0.0018711499869823456,
      "awr_loss_first": 0.03510940819978714,
      "awr_loss_last": 0.008856094442307949,
      "awr_weighted_loss_first": 0.043074168264865875,
      "awr_weighted_loss_last": 0.020057765766978264,
      "adv_mean_raw": 0.12698929011821747,
      "adv_std_raw": 4.686405705047608,
      "peak_return_so_far": -21.98876498427579
    },
    {
      "iteration": 2,
      "wallclock_seconds": 1005.364889383316,
      "rollout_seconds": 1003.1831493377686,
      "n_episodes": 100,
      "n_transitions": 50000,
      "mean_return": -21.61625651628648,
      "mean_goal_err_mm": 80.34497905269919,
      "mean_goal_err_mm_random": 84.07658460721696,
      "mean_max_field": 0.20335255969826085,
      "median_max_field": 0.059468061719234175,
      "p95_max_field": 1.0743955850285845,
      "max_field_max_random": 0.97922815094945,
      "param_drift_l2": 0.10501660886686463,
      "param_drift_l2_iter": 0.05586186020560454,
      "param_drift_relative": 0.0007466404309114228,
      "kl_to_init": 0.003575338050723076,
      "awr_loss_first": 0.004387279972434044,
      "awr_loss_last": 0.03710269182920456,
      "awr_weighted_loss_first": 0.010447302833199501,
      "awr_weighted_loss_last": 0.06445973366498947,
      "adv_mean_raw": 0.05126733332872391,
      "adv_std_raw": 4.889075802398682,
      "peak_return_so_far": -21.61625651628648
    },
    {
      "iteration": 3,
      "wallclock_seconds": 1011.7763874530792,
      "rollout_seconds": 1009.5861988067627,
      "n_episodes": 100,
      "n_transitions": 50000,
      "mean_return": -19.90072856526418,
      "mean_goal_err_mm": 85.33176075911578,
      "mean_goal_err_mm_random": 89.09573788474631,
      "mean_max_field": 0.2278332044260828,
      "median_max_field": 0.06639329176913795,
      "p95_max_field": 1.1079595270377436,
      "max_field_max_random": 1.3337564179842283,
      "param_drift_l2": 0.14870834581034326,
      "param_drift_l2_iter": 0.0560612866944205,
      "param_drift_relative": 0.0010572771735251948,
      "kl_to_init": 0.005165029317140579,
      "awr_loss_first": 0.01086607575416565,
      "awr_loss_last": 0.005913755856454372,
      "awr_weighted_loss_first": 0.016349593177437782,
      "awr_weighted_loss_last": 0.011564698070287704,
      "adv_mean_raw": -0.00384110352024436,
      "adv_std_raw": 4.50128798348999,
      "peak_return_so_far": -19.90072856526418
    },
    {
      "iteration": 4,
      "wallclock_seconds": 994.2227532863617,
      "rollout_seconds": 992.1754176616669,
      "n_episodes": 100,
      "n_transitions": 50000,
      "mean_return": -13.637192769230673,
      "mean_goal_err_mm": 79.6472643348997,
      "mean_goal_err_mm_random": 83.08552343696915,
      "mean_max_field": 0.19592977042761428,
      "median_max_field": 0.08975289767751976,
      "p95_max_field": 0.592164951380301,
      "max_field_max_random": 1.0164739350487133,
      "param_drift_l2": 0.1902187926045123,
      "param_drift_l2_iter": 0.05697051553729639,
      "param_drift_relative": 0.0013524055176618456,
      "kl_to_init": 0.0061415210366249084,
      "awr_loss_first": 0.01460126880556345,
      "awr_loss_last": 0.012328015640377998,
      "awr_weighted_loss_first": 0.009856048971414566,
      "awr_weighted_loss_last": 0.006399884819984436,
      "adv_mean_raw": 0.06568030267953873,
      "adv_std_raw": 5.0128498540649415,
      "peak_return_so_far": -13.637192769230673
    },
    {
      "iteration": 5,
      "wallclock_seconds": 1007.357283115387,
      "rollout_seconds": 1005.2806532382965,
      "n_episodes": 100,
      "n_transitions": 50000,
      "mean_return": -10.789643201051495,
      "mean_goal_err_mm": 76.00288229227243,
      "mean_goal_err_mm_random": 78.84085567476627,
      "mean_max_field": 0.18365766213091828,
      "median_max_field": 0.058443982966790174,
      "p95_max_field": 0.7363764017391694,
      "max_field_max_random": 1.0787477518807065,
      "param_drift_l2": 0.23029655563762863,
      "param_drift_l2_iter": 0.05395118338889374,
      "param_drift_relative": 0.0016373478575820743,
      "kl_to_init": 0.006166789680719376,
      "awr_loss_first": 0.024819020181894302,
      "awr_loss_last": 0.018424708396196365,
      "awr_weighted_loss_first": 0.04262007400393486,
      "awr_weighted_loss_last": 0.04681302607059479,
      "adv_mean_raw": -0.0155216995626688,
      "adv_std_raw": 4.978624390197754,
      "peak_return_so_far": -10.789643201051495
    },
    {
      "iteration": 6,
      "wallclock_seconds": 983.9590456485748,
      "rollout_seconds": 981.9612481594086,
      "n_episodes": 100,
      "n_transitions": 50000,
      "mean_return": -17.09618622523223,
      "mean_goal_err_mm": 79.45282526186394,
      "mean_goal_err_mm_random": 81.37560652853311,
      "mean_max_field": 0.17354401410251788,
      "median_max_field": 0.0645935814913286,
      "p95_max_field": 0.5638735865240099,
      "max_field_max_random": 0.9384384694320259,
      "param_drift_l2": 0.27295669983352827,
      "param_drift_l2_iter": 0.05545551638110205,
      "param_drift_relative": 0.0019406502474502354,
      "kl_to_init": 0.00861574336886406,
      "awr_loss_first": 0.00783019419759512,
      "awr_loss_last": 0.016786957159638405,
      "awr_weighted_loss_first": 0.014672840014100075,
      "awr_weighted_loss_last": 0.03347407281398773,
      "adv_mean_raw": 0.03973778709769249,
      "adv_std_raw": 3.8537269101867677,
      "peak_return_so_far": -10.789643201051495
    }
  ],
  "aborted": true,
  "abort_reason": "mean_return -17.1 regressed by more than 30% from peak -10.8",
  "peak_return": -10.789643201051495,
  "total_wallclock_seconds": 5958.336658239365
}