{
  "config": {
    "init_checkpoint": "data/diffusion_student_v2_ema.pt",
    "data": "data/planner_dataset_v2.npz",
    "n_iters": 3,
    "n_rollouts": 50,
    "horizon": 300,
    "awr_steps": 50,
    "awr_lr": 5e-07,
    "awr_batch": 64,
    "awr_temperature": 0.1,
    "awr_weight_clip": 5.0,
    "gae_gamma": 0.99,
    "gae_lambda": 0.95,
    "value_epochs": 30,
    "drift_limit": 0.1,
    "checkpoint_dir": "data",
    "rollouts_dir": "data/ppo_rollouts",
    "log_out": "results/ppo_training_log.json",
    "device": null
  },
  "iterations": [
    {
      "iteration": 1,
      "wallclock_seconds": 267.84661984443665,
      "rollout_seconds": 266.5906400680542,
      "n_episodes": 50,
      "n_transitions": 15000,
      "mean_return": -732.6932786698733,
      "mean_goal_err_mm": 187.82289475451765,
      "mean_max_field": 0.3629781254716216,
      "median_max_field": 0.13332681793218082,
      "p95_max_field": 1.3530062628688762,
      "param_drift_l2": 0.019829942934321467,
      "param_drift_l2_iter": 0.019829942934321467,
      "kl_to_init": 0.0005317442119121552,
      "awr_loss_first": 0.05195215344429016,
      "awr_loss_last": 0.03621741384267807,
      "awr_weighted_loss_first": 0.061130356043577194,
      "awr_weighted_loss_last": 0.10951478034257889,
      "adv_mean_raw": -0.34850186109542847,
      "adv_std_raw": 12.755607651306152
    },
    {
      "iteration": 2,
      "wallclock_seconds": 322.6125500202179,
      "rollout_seconds": 321.21411418914795,
      "n_episodes": 50,
      "n_transitions": 15000,
      "mean_return": -737.284334846465,
      "mean_goal_err_mm": 172.80672396299096,
      "mean_max_field": 0.36163629211252024,
      "median_max_field": 0.11044155642355746,
      "p95_max_field": 1.3808970071754372,
      "param_drift_l2": 0.0355827062313824,
      "param_drift_l2_iter": 0.020102652368446095,
      "kl_to_init": 0.0011922512203454971,
      "awr_loss_first": 0.03212622180581093,
      "awr_loss_last": 0.01831776835024357,
      "awr_weighted_loss_first": 0.10723483562469482,
      "awr_weighted_loss_last": 0.006708840373903513,
      "adv_mean_raw": -0.4317258596420288,
      "adv_std_raw": 12.274159477783202
    },
    {
      "iteration": 3,
      "wallclock_seconds": 308.37347054481506,
      "rollout_seconds": 307.1907331943512,
      "n_episodes": 50,
      "n_transitions": 15000,
      "mean_return": -736.2437826305908,
      "mean_goal_err_mm": 158.4019657621743,
      "mean_max_field": 0.3821755825592318,
      "median_max_field": 0.13840962592316863,
      "p95_max_field": 1.3876893532803458,
      "param_drift_l2": 0.0511970245069471,
      "param_drift_l2_iter": 0.01977606129887364,
      "kl_to_init": 0.0018687061965465546,
      "awr_loss_first": 0.03498143330216408,
      "awr_loss_last": 0.03317713737487793,
      "awr_weighted_loss_first": 0.0608430877327919,
      "awr_weighted_loss_last": 0.047538623213768005,
      "adv_mean_raw": -0.17053388059139252,
      "adv_std_raw": 11.792510078979491
    }
  ],
  "aborted": false,
  "abort_reason": null,
  "total_wallclock_seconds": 898.9196107387543
}