{
  "config": {
    "init_checkpoint": "data/diffusion_student_v2_ema.pt",
    "snapshot_checkpoint": null,
    "start_iter": 1,
    "data": "data/planner_dataset_v2.npz",
    "n_iters": 15,
    "n_rollouts": 100,
    "horizon": 500,
    "awr_steps": 100,
    "awr_lr": 1e-06,
    "awr_batch": 64,
    "awr_temperature": 0.5,
    "awr_weight_clip": 5.0,
    "gae_gamma": 0.99,
    "gae_lambda": 0.95,
    "value_epochs": 10,
    "drift_rel_iter_limit": 0.02,
    "drift_rel_cum_limit": 0.05,
    "return_regression_limit": 0.3,
    "regression_warmup_iters": 5,
    "goal_err_limit_mm": 150.0,
    "max_field_limit": 1.5,
    "save_iters": [
      3,
      5,
      8,
      11,
      15
    ],
    "checkpoint_dir": "data",
    "checkpoint_prefix": "diffusion_v2_ppo_T05",
    "rollouts_dir": "data/ppo_rollouts/T05",
    "log_out": "results/ppo_T05_training_log.json",
    "device": null
  },
  "iterations": [
    {
      "iteration": 1,
      "wallclock_seconds": 1018.0702927112579,
      "rollout_seconds": 1015.8080005645752,
      "n_episodes": 100,
      "n_transitions": 50000,
      "mean_return": -21.98876498427579,
      "mean_goal_err_mm": 90.83008327213446,
      "mean_goal_err_mm_random": 93.203124117267,
      "mean_max_field": 0.2286282069048227,
      "median_max_field": 0.08882155436623831,
      "p95_max_field": 0.8106467192602322,
      "max_field_max_random": 0.9901195193157167,
      "param_drift_l2": 0.06909881469846274,
      "param_drift_l2_iter": 0.06909881469846274,
      "param_drift_relative": 0.0004912743740119695,
      "kl_to_init": 0.002166241407394409,
      "awr_loss_first": 0.03510940819978714,
      "awr_loss_last": 0.008719640783965588,
      "awr_weighted_loss_first": 0.034790027886629105,
      "awr_weighted_loss_last": 0.012870531529188156,
      "adv_mean_raw": 0.12698929011821747,
      "adv_std_raw": 4.686405705047608,
      "peak_return_so_far": -21.98876498427579
    },
    {
      "iteration": 2,
      "wallclock_seconds": 988.702981710434,
      "rollout_seconds": 986.7469568252563,
      "n_episodes": 100,
      "n_transitions": 50000,
      "mean_return": -21.350529941536482,
      "mean_goal_err_mm": 82.62678666953413,
      "mean_goal_err_mm_random": 86.495529908863,
      "mean_max_field": 0.1872732385222092,
      "median_max_field": 0.0592078682313391,
      "p95_max_field": 0.9724992424766336,
      "max_field_max_random": 0.7734321144161153,
      "param_drift_l2": 0.11931045294912304,
      "param_drift_l2_iter": 0.062365345515002495,
      "param_drift_relative": 0.0008482658977791261,
      "kl_to_init": 0.0038898680359125137,
      "awr_loss_first": 0.0046638017520308495,
      "awr_loss_last": 0.03671310469508171,
      "awr_weighted_loss_first": 0.005863640457391739,
      "awr_weighted_loss_last": 0.0578988753259182,
      "adv_mean_raw": 0.012001843191683292,
      "adv_std_raw": 4.444367931915283,
      "peak_return_so_far": -21.350529941536482
    },
    {
      "iteration": 3,
      "wallclock_seconds": 1033.1016399860382,
      "rollout_seconds": 1030.9771871566772,
      "n_episodes": 100,
      "n_transitions": 50000,
      "mean_return": -25.35263996736246,
      "mean_goal_err_mm": 90.33030016491114,
      "mean_goal_err_mm_random": 94.13980420189438,
      "mean_max_field": 0.22800947472855035,
      "median_max_field": 0.0638931798298472,
      "p95_max_field": 1.0588378078534124,
      "max_field_max_random": 0.9956861142106422,
      "param_drift_l2": 0.17103029684398344,
      "param_drift_l2_iter": 0.06265989172914431,
      "param_drift_relative": 0.0012159803664617502,
      "kl_to_init": 0.005752107128500938,
      "awr_loss_first": 0.01032290793955326,
      "awr_loss_last": 0.005720881745219231,
      "awr_weighted_loss_first": 0.010806401260197163,
      "awr_weighted_loss_last": 0.01053542923182249,
      "adv_mean_raw": -0.021847395226359367,
      "adv_std_raw": 3.5321765409240724,
      "peak_return_so_far": -21.350529941536482
    },
    {
      "iteration": 4,
      "wallclock_seconds": 1155.7087466716766,
      "rollout_seconds": 1152.5271382331848,
      "n_episodes": 100,
      "n_transitions": 50000,
      "mean_return": -20.80232652737943,
      "mean_goal_err_mm": 83.38562227754727,
      "mean_goal_err_mm_random": 86.88777961260027,
      "mean_max_field": 0.19651750419425926,
      "median_max_field": 0.08697797055284529,
      "p95_max_field": 0.6707295525124976,
      "max_field_max_random": 0.8530452609181899,
      "param_drift_l2": 0.224903785354444,
      "param_drift_l2_iter": 0.0675146602307806,
      "param_drift_relative": 0.0015990066811578019,
      "kl_to_init": 0.007088661193847656,
      "awr_loss_first": 0.014068895019590855,
      "awr_loss_last": 0.011873988434672356,
      "awr_weighted_loss_first": 0.012534909881651402,
      "awr_weighted_loss_last": 0.010484832338988781,
      "adv_mean_raw": 0.008412075228989124,
      "adv_std_raw": 4.048163460327149,
      "peak_return_so_far": -20.80232652737943
    },
    {
      "iteration": 5,
      "wallclock_seconds": 1215.385055065155,
      "rollout_seconds": 1213.408317565918,
      "n_episodes": 100,
      "n_transitions": 50000,
      "mean_return": -18.045331862122442,
      "mean_goal_err_mm": 81.96054511036455,
      "mean_goal_err_mm_random": 84.85335233403497,
      "mean_max_field": 0.16288429499096307,
      "median_max_field": 0.055879621001994007,
      "p95_max_field": 0.5665614910286446,
      "max_field_max_random": 0.9757764065011167,
      "param_drift_l2": 0.2752481298328615,
      "param_drift_l2_iter": 0.06482079527924547,
      "param_drift_relative": 0.0019569417112535897,
      "kl_to_init": 0.007366791367530823,
      "awr_loss_first": 0.023638492450118065,
      "awr_loss_last": 0.017530370503664017,
      "awr_weighted_loss_first": 0.023671207949519157,
      "awr_weighted_loss_last": 0.013212000019848347,
      "adv_mean_raw": -0.007379816845059395,
      "adv_std_raw": 3.001780556274414,
      "peak_return_so_far": -18.045331862122442
    },
    {
      "iteration": 6,
      "wallclock_seconds": 1120.4713354110718,
      "rollout_seconds": 1118.4815514087677,
      "n_episodes": 100,
      "n_transitions": 50000,
      "mean_return": -20.670153638680063,
      "mean_goal_err_mm": 86.88985330971883,
      "mean_goal_err_mm_random": 88.98875697562715,
      "mean_max_field": 0.15327889775141806,
      "median_max_field": 0.07060234663559135,
      "p95_max_field": 0.5325548915852399,
      "max_field_max_random": 0.840935479851451,
      "param_drift_l2": 0.32563798966986074,
      "param_drift_l2_iter": 0.06311527856245062,
      "param_drift_relative": 0.0023152003435615532,
      "kl_to_init": 0.009749624878168106,
      "awr_loss_first": 0.007230605464428663,
      "awr_loss_last": 0.014993300661444664,
      "awr_weighted_loss_first": 0.005308019928634167,
      "awr_weighted_loss_last": 0.028851352632045746,
      "adv_mean_raw": 0.02393249049782753,
      "adv_std_raw": 2.5083947644958497,
      "peak_return_so_far": -18.045331862122442
    },
    {
      "iteration": 7,
      "wallclock_seconds": 1003.2451908588409,
      "rollout_seconds": 1001.2735788822174,
      "n_episodes": 100,
      "n_transitions": 50000,
      "mean_return": -27.5888265855409,
      "mean_goal_err_mm": 88.83755160498127,
      "mean_goal_err_mm_random": 91.85782757975296,
      "mean_max_field": 0.17174240843189378,
      "median_max_field": 0.057569098993652326,
      "p95_max_field": 0.559952088787869,
      "max_field_max_random": 1.0202756990844017,
      "param_drift_l2": 0.3725442375929771,
      "param_drift_l2_iter": 0.061606349335384884,
      "param_drift_relative": 0.002648691412637618,
      "kl_to_init": 0.010741887614130974,
      "awr_loss_first": 0.010652593336999416,
      "awr_loss_last": 0.013610005378723145,
      "awr_weighted_loss_first": 0.012166675180196762,
      "awr_weighted_loss_last": 0.011696026660501957,
      "adv_mean_raw": -0.015469846315681934,