{
  "config": {
    "init_checkpoint": "data/diffusion_v2_ppo_phase2_aborted_iter6.pt",
    "snapshot_checkpoint": "data/diffusion_student_v2_ema.pt",
    "start_iter": 7,
    "data": "data/planner_dataset_v2.npz",
    "n_iters": 10,
    "n_rollouts": 100,
    "horizon": 500,
    "awr_steps": 100,
    "awr_lr": 1e-06,
    "awr_batch": 64,
    "awr_temperature": 0.1,
    "awr_weight_clip": 5.0,
    "gae_gamma": 0.99,
    "gae_lambda": 0.95,
    "value_epochs": 10,
    "drift_rel_iter_limit": 0.02,
    "drift_rel_cum_limit": 0.05,
    "return_regression_limit": 0.3,
    "regression_warmup_iters": 5,
    "goal_err_limit_mm": 150.0,
    "max_field_limit": 1.5,
    "checkpoint_dir": "data",
    "checkpoint_prefix": "diffusion_v2_ppo_phase2",
    "rollouts_dir": "data/ppo_rollouts/phase2_resumed",
    "log_out": "results/ppo_phase2_training_log_resumed.json",
    "device": null
  },
  "iterations": [
    {
      "iteration": 7,
      "wallclock_seconds": 950.5641760826111,
      "rollout_seconds": 948.2348239421844,
      "n_episodes": 100,
      "n_transitions": 50000,
      "mean_return": -26.528263914364405,
      "mean_goal_err_mm": 81.9290082729958,
      "mean_goal_err_mm_random": 84.71240795741684,
      "mean_max_field": 0.1750670019923776,
      "median_max_field": 0.057171753026806375,
      "p95_max_field": 0.587956445143183,
      "max_field_max_random": 0.9088845697887243,
      "param_drift_l2": 0.3135211736949888,
      "param_drift_l2_iter": 0.05514525709795228,
      "param_drift_relative": 0.002229052973175388,
      "kl_to_init": 0.009299848228693008,
      "awr_loss_first": 0.010925430804491043,
      "awr_loss_last": 0.015831129625439644,
      "awr_weighted_loss_first": 0.0205686092376709,
      "awr_weighted_loss_last": 0.03440231829881668,
      "adv_mean_raw": 0.021272866055369377,
      "adv_std_raw": 3.67033152444458,
      "peak_return_so_far": -26.528263914364405
    },
    {
      "iteration": 8,
      "wallclock_seconds": 948.2410564422607,
      "rollout_seconds": 946.1391355991364,
      "n_episodes": 100,
      "n_transitions": 50000,
      "mean_return": -18.67788836943336,
      "mean_goal_err_mm": 87.70296083384449,
      "mean_goal_err_mm_random": 91.46071742958733,
      "mean_max_field": 0.15440245050134457,
      "median_max_field": 0.06344652365331466,
      "p95_max_field": 0.5844049918567313,
      "max_field_max_random": 0.6844189724106299,
      "param_drift_l2": 0.3543828953643211,
      "param_drift_l2_iter": 0.057446621005872285,
      "param_drift_relative": 0.0025195690525286157,
      "kl_to_init": 0.009192285127937794,
      "awr_loss_first": 0.005473454017192125,
      "awr_loss_last": 0.019334973767399788,
      "awr_weighted_loss_first": 0.008491833694279194,
      "awr_weighted_loss_last": 0.01644000969827175,
      "adv_mean_raw": 0.03508397564291954,
      "adv_std_raw": 3.4384363160858156,
      "peak_return_so_far": -18.67788836943336
    },
    {
      "iteration": 9,
      "wallclock_seconds": 966.1337435245514,
      "rollout_seconds": 964.0293970108032,
      "n_episodes": 100,
      "n_transitions": 50000,
      "mean_return": -14.372284286799049,
      "mean_goal_err_mm": 84.30804423056368,
      "mean_goal_err_mm_random": 86.52446273222525,
      "mean_max_field": 0.15091376866338907,
      "median_max_field": 0.055203019273718935,
      "p95_max_field": 0.5076344583008927,
      "max_field_max_random": 1.0014239967689937,
      "param_drift_l2": 0.3922686705890159,
      "param_drift_l2_iter": 0.05203090150191995,
      "param_drift_relative": 0.00278892693643287,
      "kl_to_init": 0.011281125247478485,
      "awr_loss_first": 0.012492023408412933,
      "awr_loss_last": 0.017515484243631363,
      "awr_weighted_loss_first": 0.03296901285648346,
      "awr_weighted_loss_last": 0.00473156850785017,
      "adv_mean_raw": 0.04539032280445099,
      "adv_std_raw": 3.715182112289429,
      "peak_return_so_far": -14.372284286799049
    },
    {
      "iteration": 10,
      "wallclock_seconds": 975.8914723396301,
      "rollout_seconds": 973.8395338058472,
      "n_episodes": 100,
      "n_transitions": 50000,
      "mean_return": -24.052008620434048,
      "mean_goal_err_mm": 83.16263385936604,
      "mean_goal_err_mm_random": 88.46320671869834,
      "mean_max_field": 0.1873408475020174,
      "median_max_field": 0.07953049727880662,
      "p95_max_field": 0.6059168905632256,
      "max_field_max_random": 1.0684598178560964,
      "param_drift_l2": 0.43333824476652155,
      "param_drift_l2_iter": 0.05525742783624124,
      "param_drift_relative": 0.003080920792377278,
      "kl_to_init": 0.0118645578622818,
      "awr_loss_first": 0.004371334798634052,
      "awr_loss_last": 0.00427508819848299,
      "awr_weighted_loss_first": 0.004258561413735151,
      "awr_weighted_loss_last": 0.0042285979725420475,
      "adv_mean_raw": 0.004637119360268116,
      "adv_std_raw": 3.863178537918091,
      "peak_return_so_far": -14.372284286799049
    },
    {
      "iteration": 11,
      "wallclock_seconds": 1016.4512972831726,
      "rollout_seconds": 1014.3421032428741,
      "n_episodes": 100,
      "n_transitions": 50000,
      "mean_return": -10.214687507872817,
      "mean_goal_err_mm": 84.10679413002912,
      "mean_goal_err_mm_random": 86.84904173688345,
      "mean_max_field": 0.16078472252783396,
      "median_max_field": 0.05999677618063977,
      "p95_max_field": 0.6267077661144783,
      "max_field_max_random": 1.0668983545960191,
      "param_drift_l2": 0.46647048789717366,
      "param_drift_l2_iter": 0.04891187171352465,
      "param_drift_relative": 0.003316482315026459,
      "kl_to_init": 0.01269446685910225,
      "awr_loss_first": 0.015485433861613274,
      "awr_loss_last": 0.005521728657186031,
      "awr_weighted_loss_first": 0.049009885638952255,
      "awr_weighted_loss_last": 0.008160829544067383,
      "adv_mean_raw": 0.04473667964339256,
      "adv_std_raw": 4.0984068380126955,
      "peak_return_so_far": -10.214687507872817
    },
    {
      "iteration": 12,
      "wallclock_seconds": 974.7082297801971,
      "rollout_seconds": 972.7322752475739,
      "n_episodes": 100,
      "n_transitions": 50000,
      "mean_return": -16.857870766793756,
      "mean_goal_err_mm": 86.74829034661906,
      "mean_goal_err_mm_random": 91.95552842993185,
      "mean_max_field": 0.15095027467157138,
      "median_max_field": 0.06271541295105043,
      "p95_max_field": 0.5263051595687275,
      "max_field_max_random": 1.0301064341584003,
      "param_drift_l2": 0.4976314611097781,
      "param_drift_l2_iter": 0.0469563822749099,
      "param_drift_relative": 0.0035380286277299465,
      "kl_to_init": 0.016118526458740234,
      "awr_loss_first": 0.005025628954172134,
      "awr_loss_last": 0.0025099627673625946,
      "awr_weighted_loss_first": 0.005117922089993954,
      "awr_weighted_loss_last": 0.005179943982511759,
      "adv_mean_raw": 0.04018792137503624,
      "adv_std_raw": 3.541622208190918,
      "peak_return_so_far": -10.214687507872817
    },
    {
      "iteration": 13,
      "wallclock_seconds": 952.1095552444458,
      "rollout_seconds": 950.0539216995239,
      "n_episodes": 100,
      "n_transitions": 50000,
      "mean_return": -17.828741156643197,
      "mean_goal_err_mm": 91.17993942647863,
      "mean_goal_err_mm_random": 94.86347754852089,
      "mean_max_field": 0.16044211197302477,
      "median_max_field": 0.06253956723244644,
      "p95_max_field": 0.6007422904355763,
      "max_field_max_random": 1.197619333146016,
      "param_drift_l2": 0.5322523993404612,
      "param_drift_l2_iter": 0.050985233859719856,
      "param_drift_relative": 0.003784174380464028,
      "kl_to_init": 0.012965647503733635,
      "awr_loss_first": 0.005602819379419088,
      "awr_loss_last": 0.0036493809893727303,
      "awr_weighted_loss_first": 0.015360483899712563,
      "awr_weighted_loss_last": 0.005560386925935745,
      "adv_mean_raw": 0.017417743802070618,